,Country Code,Country,CONTINENT,Sorghum_Residue,country_area,Ferti_Value,Land_Value,temperature_max,temperature_min,temperature_mean_Sorghum,rainfall_max,rainfall_min,Sorghum_rainfall_mean
0,2.0,Afghanistan,Asia,60504.791666666664,652860.0,5.8863,16836.42496686936,26.8,-11.47,13.87,1558.7,4.3,430.4
1,3.0,Albania,Europe,50288.291666666664,28750.0,35.5877,3050.6290000000004,17.65,10.01,11.925,1683.5,981.5,1146.9
2,4.0,Algeria,Africa,6338.5,2381741.0,8.2423,41044.47754977215,29.87,10.59,25.15,987.7,9.1,59.4
3,5.0,American Samoa,Oceania,7929419.75,200.0,0.1607,6.321889432594972,16.41,3.82,11.525,3938.25,1912.0500000000002,2319.6000000000004
4,6.0,Andorra,Europe,282856.875,470.0,89.56944999999999,73.08600213858603,25.44,6.045,13.43,2493.05,452.9,787.95
5,7.0,Angola,Africa,69629.0,1246700.0,4.2076,5471.1183,27.65,18.71,23.705,2184.4,1.0,1063.85
6,258.0,Anguilla,North America,0.0,102.0,1.7180000000000002,223.42379689455947,12.14,10.82,11.66,664.7,584.7,598.6
7,8.0,Antigua and Barbuda,North America,0.0,440.0,1.7180000000000002,963.7889277804526,12.14,10.82,11.66,664.7,584.7,598.6
8,9.0,Argentina,South America,2736028.75,2780400.0,28.8199,27913.0415,26.93,-10.92,15.82,2347.6,114.2,577.3
9,1.0,Armenia,Asia,2331.2916666666665,29740.0,178.5344,0.5176354262430763,14.74,6.13,9.91,623.7,390.9,595.2
10,22.0,Aruba,North America,21721.0,180.0,75.8628,22.837475762109595,22.75666666666667,14.346666666666666,20.968333333333334,2099.233333333333,559.3333333333334,1278.0666666666666
11,10.0,Australia,Oceania,2200133.25,7741220.0,45.0781,52921.9173,29.06,8.72,20.28,2467.4,17.0,564.9
12,11.0,Austria,Europe,48002.5,83879.0,82.0268,2626.2094,12.37,1.4,7.18,1471.2,570.6,1022.3
13,52.0,Azerbaijan,Asia,346.5,86600.0,50.5478,1.5073042337811169,19.9,6.51,15.295,676.2,341.0,501.1
14,12.0,Bahamas,North America,13576.5,13880.0,55.17,4484.012177616015,26.67,26.1,26.305,1108.7,910.0,984.5
15,13.0,Bahrain,Asia,116114.25,780.0,133.8148,9.120147444362173,29.59,27.636666666666667,28.87166666666667,195.5,102.5,140.36666666666665
16,16.0,Bangladesh,Asia,152.25,147570.0,154.6772,289098.1469,27.05,22.9,26.02,3503.6,1122.8,1687.8
17,14.0,Barbados,North America,0.0,430.0,28.7725,941.8846339672602,26.41,26.41,26.41,1731.3,1731.3,1731.3
18,57.0,Belarus,Europe,62242.833333333336,207600.0,69.5337,1187936.713,9.85,7.0,8.26,653.8,504.0,595.75
19,255.0,Belgium,Europe,94285.625,30530.0,195.0208,4534.6211,12.37,9.35,11.36,881.5,584.7,637.9
20,23.0,Belize,North America,14350.0,22970.0,87.7408,1965.2935,27.58,22.74,25.925,2412.0,1058.2,1741.8
21,53.0,Benin,Africa,558556.25,114760.0,14.135,643.8529120650624,29.57,26.46,27.95,1287.8,798.0,1120.1
22,17.0,Bermuda,North America,3060.05,4290.0,29.678975,712.3746766247949,12.14,10.82,11.66,664.7,584.7,598.6
23,18.0,Bhutan,Asia,2771774.25,38390.0,28.193,5836.707400500964,16.88,-9.93,1.64,2883.6,894.7,1039.3
24,19.0,Bolivia (Plurinational State of),South America,1790799.5,1098580.0,3.0076,567.1728917625268,32.75,-12.02,25.36,4620.9,107.8,1175.9
25,80.0,Bosnia and Herzegovina,Europe,27433.291666666664,51210.0,61.5169,1681.345,15.13,8.95,10.68,1905.2,877.3,1176.0
26,20.0,Botswana,Africa,85086.75,581730.0,80.8716,11050.283000000001,25.45,20.6,23.35,818.4,176.9,293.7
27,21.0,Brazil,South America,3992303.0,8515770.0,80.6032,930.3839999999999,33.57,14.81,19.53,3882.8,276.0,2121.9
28,239.0,British Virgin Islands,North America,0.0,150.0,1.7180000000000002,328.56440719788156,17.37,16.49,17.049999999999997,731.6333333333333,678.3000000000001,687.5666666666666
29,26.0,Brunei Darussalam,Asia,32679.5,5770.0,56.211333333333336,5310.0895,29.540000000000003,18.463333333333335,26.415000000000003,5104.933333333333,1373.2,2688.65
30,27.0,Bulgaria,Europe,64767.5,111000.0,92.1413,31767.2104,16.67,5.25,12.85,833.2,531.9,729.3
31,233.0,Burkina Faso,Africa,3377209.5,274220.0,9.2877,1538.49203160057,30.55,27.19,29.035,1628.7,469.5,877.7
32,29.0,Burundi,Africa,49826.0,27830.0,8.6817,42148.3162,22.84,17.71,20.645,1511.6,1205.5,1294.2
33,35.0,Cabo Verde,Africa,455312.59375,4030.0,7.89865,179.21556485690982,24.27,24.27,24.27,189.8,189.8,189.8
34,115.0,Cambodia,Asia,129985.91666666667,181040.0,31.4285,105782.5031045914,28.52,25.05,27.68,3745.4,1094.8,1951.3
35,32.0,Cameroon,Africa,2100000.0,475440.0,6.0012,27680.1013,29.86,19.67,24.475,2836.2,587.6,1735.1
36,33.0,Canada,North America,3470052.65,9879750.0,71.2613,1080678.393,11.2,-23.82,-5.25,3567.2,77.0,334.2
37,36.0,Cayman Islands,North America,58173.25,264.0,29.140500000000003,85.28668695177436,27.87,25.623333333333335,26.531666666666666,1572.0,874.0333333333333,1248.5
38,37.0,Central African Republic,Africa,52500.0,622980.0,0.0458,849.2785,28.29,21.42,25.23,2072.6,980.7,1396.0
39,39.0,Chad,Africa,1728226.5,1284000.0,2.1361666666666665,33349.46893100999,30.62,17.38,28.44,1255.6,20.5,314.9
40,40.0,Chile,South America,1109173.1875,756700.0,157.1397,22894.4104,28.51,-11.78,6.575,3518.3,18.8,523.7
41,351.0,China,Asia,5095525.75,9600012.9,26.717366666666667,85737.4055,27.59,-22.67,15.24,2482.7,21.2,462.0
42,96.0,"China, Hong Kong SAR",Asia,936076.0694444445,1110.0,136.4496,372.1592522460743,23.82,23.82,23.82,956.0,956.0,956.0
43,128.0,"China, Macao SAR",Asia,936076.0694444444,32.9,136.4496,11.030666125131388,26.733333333333334,21.31,23.958333333333332,2353.6,1213.7333333333333,1671.6333333333332
44,44.0,Colombia,South America,7227.5,1141750.0,57.1413,8734.1551,54.23,7.27,27.0,7257.5,211.9,2689.1
45,45.0,Comoros,Africa,296919.875,1861.0,11.864866666666666,207.1958073976834,24.21,24.21,24.21,2971.0,2971.0,2971.0
46,46.0,Congo,Africa,2402035.4166666665,342000.0,0.5224,49114.1484,27.3,23.2,25.32,2191.2,1405.1,1772.2
47,47.0,Cook Islands,Oceania,7929419.75,240.0,7.8,7.586267319113967,16.41,3.82,11.525,2549.3,2549.3,2549.3
48,48.0,Costa Rica,North America,66969.625,51100.0,165.1707,1595.4514,26.95,18.06,24.39,4310.0,1636.9,2725.3
49,107.0,CÃ´te d'Ivoire,Africa,122500.0,322460.0,4.6208,40965.7795,29.333333333333332,26.41,27.851666666666663,2127.3666666666663,970.1666666666666,1523.3333333333333
50,98.0,Croatia,Europe,28187.29861111111,88070.0,113.4932,314.0858,15.97,10.15,12.365,1434.2,684.7,937.9
51,49.0,Cuba,North America,9791.25,109880.0,15.0195,35497.35288735214,27.1,24.27,25.49,1781.1,526.4,1394.7
52,50.0,Cyprus,Asia,159542.25,9250.0,60.0931,0.16099958617177057,21.49,19.24,20.59,555.2,470.1,517.0
53,167.0,Czechia,Europe,26198.298611111113,78870.0,138.8788,6280.9285,12.13,8.2,9.83,730.5,452.2,537.1
54,116.0,Democratic People's Republic of Korea,Asia,63815.5,120540.0,119.96943333333336,4142.6990000000005,11.53,-0.82,7.69,1355.6,745.8,973.5
55,250.0,Democratic Republic of the Congo,Africa,10132.5,2344860.0,0.7271,7752.8933,28.03,14.95,25.2,2537.4,796.1,1682.7
56,54.0,Denmark,Europe,28081.070601851854,42920.0,79.3123,61588.1228,10.58,9.06,9.77,716.5,469.8,592.0
57,72.0,Djibouti,Africa,2376003.0,23200.0,10.932433333333334,1692.421205532126,36.34,33.66,34.52,184.0,131.1,184.0
58,55.0,Dominica,North America,0.0,750.0,2.1783,1642.8220359894078,12.14,10.82,11.66,664.7,584.7,598.6
59,56.0,Dominican Republic,North America,1723.75,48670.0,72.7559,6948.885313416008,27.37,21.75,26.025,1888.5,726.8,1282.0
60,58.0,Ecuador,South America,24872.75,256370.0,87.6897,1306.239,30.2,10.09,24.95,4429.1,195.9,1530.6
61,59.0,Egypt,Africa,1408489.25,1001450.0,342.2603,17.430598440185907,29.85,20.36,24.18,188.3,1.0,6.6
62,60.0,El Salvador,North America,191257.5,21040.0,64.2447,363.49062945089344,28.3,22.52,25.34,1664.4,1051.8,1388.1
63,61.0,Equatorial Guinea,Africa,2578810.6666666665,28050.0,9.27625,7.3134,27.61,24.26,25.33,2938.9,1583.0,1954.1
64,178.0,Eritrea,Africa,245000.0,117600.0,6.7197,70.5245,36.18,20.16,29.25,819.3,65.1,307.8
65,63.0,Estonia,Europe,0.0,45340.0,56.1662,135911.8003,7.9,6.42,7.02,401.3,193.9,277.0
66,209.0,Eswatini,Africa,1750.0,17360.0,26.858600000000003,148.12552695327685,23.41,18.75,22.05,767.3,699.2,767.3
67,238.0,Ethiopia,Africa,8792644.0,1136259.41,23.4674,91397.5037,34.8,9.94,24.22,1898.3,130.3,899.2
68,65.0,Falkland Islands (Malvinas),South America,1246916.3984375,12173.0,90.58633333333334,71.7495,7.28,6.5,6.935,556.9,546.6,549.8
69,64.0,Faroe Islands,Europe,112747.78260030865,1396.0,169.7909,531.5331,5.09,5.09,5.09,1843.0,1843.0,1843.0
70,66.0,Fiji,Oceania,43.75,18270.0,12.0151,1418.2151,25.11,23.43,24.125,3266.4,2429.9,2822.5
71,67.0,Finland,Europe,0.0,338450.0,61.5866,373013.4298,8.72,-1.93,4.16,613.3,360.3,459.2
72,68.0,France,Europe,554120.0,549087.0,117.5127,144627.5352,26.35,4.34,12.72,3422.1,618.8,879.8
73,70.0,French Polynesia,Oceania,7929419.75,4000.0,13.4612,126.43778865189945,16.41,3.82,11.525,2549.3,2549.3,2549.3
74,74.0,Gabon,Africa,2458957.9791666665,267670.0,12.5513,11001.1729,27.61,23.27,25.22,3533.0,1405.1,1975.25
75,75.0,Gambia,Africa,50239.0,11300.0,4.5099,502.5151074151566,28.99,26.89,27.3,845.2,689.7,845.2
76,73.0,Georgia,Asia,19582.337962962964,69700.0,95.8777,1.2131536385051251,18.67,2.94,9.88,1931.4,566.0,890.25
77,79.0,Germany,Europe,28176.070601851854,357580.0,112.5133,494975.9368,12.65,6.55,10.83,1265.0,342.4,555.6
78,81.0,Ghana,Africa,553413.0,238540.0,7.4595,1338.3119,28.8,26.45,27.72,1530.5,839.8,1188.4
79,82.0,Gibraltar,Europe,131150.359375,10.0,49.39339999999999,1.4180535640293443,24.023333333333337,8.776666666666666,15.985,1423.2333333333333,318.8666666666666,622.2666666666667
80,84.0,Greece,Europe,13370.0,131960.0,55.6978,35720.7827,20.07,9.02,16.075,1167.2,379.2,730.85
81,85.0,Greenland,North America,133985.56652006175,410450.0,133.42025,135484.351097578,1.38,-24.6,-16.625,1764.9,1.0,224.4
82,86.0,Grenada,North America,0.0,340.0,75.75645,744.7459896485316,26.725,26.42,26.572499999999998,1757.8,1757.8,1757.8
83,88.0,Guam,Oceania,3184.4166666666665,540.0,9.897566666666666,495.6205362328234,29.18,19.13,26.175,4662.2,1046.1,2312.15
84,89.0,Guatemala,North America,95798.5,108890.0,84.522,1881.2022167731836,31.56,15.87,24.19,2522.7,1051.8,1836.2
85,90.0,Guinea,Africa,105997.5,245860.0,2.4904,12525.8464,28.22,22.78,26.33,2841.6,1118.0,1572.0
86,175.0,Guinea-Bissau,Africa,36750.0,36130.0,6.0959,14.3514,28.18,27.21,27.63,1765.6,1032.0,1662.4
87,91.0,Guyana,South America,19416.6875,214970.0,42.1646,59816.2067,32.12,20.08,26.83,2810.1,1268.0,1810.1
88,93.0,Haiti,North America,29214.5,27750.0,44.99395,4764.3043710388765,27.46,24.3,26.12,1326.9,708.0,1094.6
89,94.0,Holy See,Europe,105963.43171296296,0.44,90.7517,0.027153230344357317,16.55,2.165,13.24,1471.2,563.9,1014.35
90,95.0,Honduras,North America,43750.0,112490.0,69.0322,1943.3964309377852,26.75,20.29,22.76,2740.3,1154.3,1405.1
91,97.0,Hungary,Europe,76072.5,93030.0,94.1961,159516.1041,13.19,11.14,12.45,802.8,484.5,572.0
92,99.0,Iceland,Europe,127876.99630291005,103000.0,97.0496,34400.655302416286,5.53,-1.7,2.745,1534.6,151.3,688.2
93,100.0,India,Asia,8405915.0,3287259.0,104.0527,84774.2081,33.75,-20.39,26.4,4785.2,63.3,875.6
94,101.0,Indonesia,Asia,57006.10416666667,1916862.2,63.1011,4163981.744,30.82,15.2,26.88,5763.3,1070.8,2730.9
95,102.0,Iran (Islamic Republic of),Asia,53592.408333333326,1745150.0,34.2849,45005.18798966403,29.17,6.3,17.28,1101.5,3.6,165.3
96,103.0,Iraq,Asia,4669.0,435052.0,34.4644,7.572236968994717,28.37,8.65,23.98,1114.4,131.4,273.1
97,104.0,Ireland,Europe,0.0,70280.0,169.7909,23127.8075,11.03,8.85,9.88,1944.8,857.0,1126.4
98,264.0,Isle of Man,Europe,136228.1603250386,570.0,169.7909,42.0073,9.316666666666666,6.546666666666667,8.15,1947.0666666666666,1084.3666666666666,1272.3
99,105.0,Israel,Asia,0.0,22070.0,103.8692,0.38413630992551095,24.56,21.69,22.8,578.1,117.2,372.6
100,106.0,Italy,Europe,531492.5,302070.0,65.7325,21127.5829,21.13,-1.5,15.1,1471.2,325.0,826.2
101,109.0,Jamaica,North America,35402.90625,10990.0,17.232,3550.3814,29.84,26.5,27.8,1826.2,1185.7,1366.3
102,110.0,Japan,Asia,1005773.4722222222,377974.0,88.0317,133021.3853,23.37,2.69,12.905,3117.4,1100.0,1709.3
103,112.0,Jordan,Asia,6464.5,89320.0,71.1866,1.554646814795951,23.01,17.8,19.54,578.1,55.9,108.8
104,108.0,Kazakhstan,Asia,4033.75,2724902.0,3.5107,70271.73982947684,16.32,-17.02,6.1,700.4,74.6,255.8
105,114.0,Kenya,Africa,330750.0,580370.0,9.4693,2566.6161,35.39,13.4,25.65,1860.9,365.4,843.7
106,83.0,Kiribati,Oceania,817877.2875,810.0,75.14393333333334,6.472443651905294,31.166666666666668,19.526666666666667,24.078333333333333,3037.5,1092.2333333333333,2062.0
107,118.0,Kuwait,Asia,57093.308333333334,17820.0,83.54403333333333,0.3101635270898326,28.65,26.73,27.855,302.4,185.9,232.2
108,113.0,Kyrgyzstan,Asia,91.0,199950.0,18.2996,5156.4549399956,11.92,-11.9,0.525,633.6,228.2,395.3
109,120.0,Lao People's Democratic Republic,Asia,733048.9722222222,236800.0,79.67156666666666,58019.9553584221,27.76,20.57,23.71,3365.9,1210.7,2121.9
110,119.0,Latvia,Europe,0.0,64570.0,57.2064,124739.7421,8.74,6.76,7.55,602.8,226.8,396.3
111,121.0,Lebanon,Asia,750.75,10450.0,65.6043,0.18188601897243267,21.37,13.56,18.87,964.5,711.9,769.2
112,122.0,Lesotho,Africa,70000.0,30360.0,48.53123333333334,259.0490206394865,13.42,8.72,10.39,757.6,507.0,586.3
113,123.0,Liberia,Africa,592676.5833333334,111370.0,3.5556,2015.7923,28.65,25.59,26.8,3222.9,1601.2,2503.9
114,124.0,Libya,Africa,764901.8935185185,1759540.0,7.1707,25688.767812924707,26.99,18.95,24.38,442.2,0.8,21.8
115,125.0,Liechtenstein,Europe,119049.91705246914,160.0,108.8709,204.5109508780534,12.715,2.6799999999999997,9.004999999999999,1362.55,605.65,818.4000000000001
116,126.0,Lithuania,Europe,0.0,65290.0,74.1204,251978.6365,8.87,7.36,8.355,707.5,248.1,512.0
117,256.0,Luxembourg,Europe,0.0,2590.0,204.7553,104.0056,9.85,9.85,9.85,779.5,779.5,779.5
118,129.0,Madagascar,Africa,2336.25,587295.0,7.9592,64275.8026,27.6,12.85,21.15,3040.9,205.3,1182.7
119,130.0,Malawi,Africa,144991.0,118480.0,23.1802,14302.1775,29.68,17.05,23.9,1677.7,785.5,1156.9
120,131.0,Malaysia,Asia,279165.08035714284,330345.0,46.1475,604932.7213,28.62,21.06,26.19,4889.3,2002.7,3022.9
121,132.0,Maldives,Seven seas (open ocean),92.75,300.0,58.8522,8.907868995179948,32.185,2.2249999999999996,27.9825,3499.3,595.35,1271.0
122,133.0,Mali,Africa,2571954.0,1240190.0,15.6974,6957.9988063259825,32.56,26.57,29.55,1628.7,48.5,312.1
123,134.0,Malta,Europe,0.0,320.0,125.0472,23.38741976473313,20.88333333333333,4.855,16.486666666666668,1301.7,310.76666666666665,680.3833333333333
124,127.0,Marshall Islands,Oceania,2948.6041666666665,180.0,0.0,0.0656159169550173,26.134999999999998,24.2875,25.705,3823.8,2865.725,3306.0
125,136.0,Mauritania,Africa,152250.0,1030700.0,10.498233333333333,5983.398579451229,32.9,21.45,28.29,763.9,59.8,137.6
126,137.0,Mauritius,Seven seas (open ocean),283821.015625,2040.0,93.7797,223.27756443300464,23.13,23.13,23.13,2475.0,2475.0,2475.0
127,138.0,Mexico,North America,7929419.75,1964375.0,50.0465,45546.370597563335,35.3,9.39,22.04,2585.7,27.7,582.15
128,145.0,Micronesia (Federated States of),Oceania,31.5,700.0,0.0,481.9170923678401,27.95,21.79,26.2075,4479.85,2100.6499999999996,3002.125
129,140.0,Monaco,Europe,168807.26410934742,74.92,93.27730000000001,7.892778613181546,15.541666666666666,-0.0033333333333334103,10.428333333333333,1431.283333333333,599.85,908.6
130,141.0,Mongolia,Asia,1272787.517361111,1564116.0,30.4104,113097.5714,8.94,-8.7,0.76,548.9,67.2,220.5
131,273.0,Montenegro,Europe,23669.014660493827,13810.0,46.255966666666666,790.7071,17.3,7.99,9.22,1905.2,1169.6,1683.5
132,142.0,Montserrat,North America,0.0,102.0,1.7180000000000002,223.42379689455942,12.14,10.82,11.66,664.7,584.7,598.6
133,143.0,Morocco,Africa,5804.75,446550.0,27.401,13483.92367764174,23.76,6.96,17.085,1008.9,76.7,324.7
134,144.0,Mozambique,Africa,516250.0,799380.0,4.4552,130313.94236369689,29.75,19.66,25.91,1677.7,208.4,1100.8
135,28.0,Myanmar,Asia,292906.25,676590.0,21.5487,229784.0658,33.1,6.96,26.03,5180.1,904.3,1939.2
136,147.0,Namibia,Africa,7063.0,824290.0,25.1316,4.92,25.04,13.77,20.205,972.1,1.0,181.0
137,148.0,Nauru,Oceania,2492.1701388888887,20.0,0.0,0.3307707913262559,26.72,24.45,26.24,4297.5,3155.2,3692.1
138,149.0,Nepal,Asia,1310235.1435185184,147180.0,54.7153,43808.9686,28.0,-8.4,14.52,1826.8,331.1,1524.1
139,150.0,Netherlands,Europe,0.0,41540.0,77.41624999999999,90990.4365,12.14,10.82,11.66,664.7,584.7,598.6
140,150.0,Netherlands,Europe,0.0,41540.0,1.7180000000000002,90990.4365,12.14,10.82,11.66,664.7,584.7,598.6
141,150.0,Netherlands,Europe,0.0,41540.0,1.7180000000000002,90990.4365,12.14,10.82,11.66,664.7,584.7,598.6
142,150.0,Netherlands,Europe,0.0,41540.0,170.76313333333334,90990.4365,12.14,10.82,11.66,664.7,584.7,598.6
143,153.0,New Caledonia,Oceania,210.0,18580.0,57.9381,562.7766982828068,23.75,20.87,21.36,1592.0,1254.0,1416.8
144,156.0,New Zealand,Oceania,7929419.75,267710.0,0.1607,8462.1651,16.41,3.82,11.525,4733.7,681.3,1496.4
145,156.0,New Zealand,Oceania,442282.7840277778,267710.0,34.9766,8462.1651,16.41,3.82,11.525,4733.7,681.3,1496.4
146,157.0,Nicaragua,North America,105273.0,130370.0,26.9885,683.8345,27.66,22.18,25.18,4010.7,1211.1,1930.0
147,158.0,Niger,Africa,3675332.5,1267000.0,0.3615,41692.576631243246,31.05,23.97,28.71,838.6,17.4,162.3
148,159.0,Nigeria,Africa,11900000.0,923770.0,10.9442,34826.174185398944,30.2,19.38,27.645,3128.3,343.9,1120.8
149,160.0,Niue,Oceania,7929419.75,261.0,0.7906666666666666,8.25006570953644,16.41,3.82,11.525,3540.525,2527.425,2731.2000000000003
150,161.0,Norfolk Island,Oceania,442282.7840277778,34.0,34.9766,1.1658370585159425,24.41333333333333,22.7,23.195000000000004,2420.3666666666663,1893.7333333333333,2129.0
151,154.0,North Macedonia,Europe,54.25,25710.0,39.0283,3876.4054745815583,15.25,8.93,11.33,1024.3,560.8,645.7
152,163.0,Northern Mariana Islands,Oceania,128587.67664930555,460.0,0.0,162.54543489205648,28.77,20.016666666666666,26.185833333333335,4601.416666666667,1397.6166666666666,2542.1416666666664
153,162.0,Norway,Europe,9161.715534979425,625221.59,126.9939,63713.0142,8.98,-6.41,0.48,2584.6,353.5,667.3
154,221.0,Oman,Asia,86327.5,309500.0,93.8813,3875.2251126576202,29.37,21.86,26.88,307.5,8.0,47.3
155,165.0,Pakistan,Asia,260275.75,796100.0,110.1253,20530.401489024745,29.97,-19.22,24.31,1443.3,4.3,113.7
156,180.0,Palau,Oceania,63772.003479972715,460.0,29.6927,421.93777133648985,29.18,19.13,26.175,4662.2,1046.1,2312.15
157,299.0,Palestine,Asia,379.75,6020.0,80.22003333333333,0.10478027121665501,24.09,21.35,21.62,578.1,372.6,401.1
158,166.0,Panama,North America,2282.0,75320.0,15.4904,11396.0238,28.07,20.5,26.135,4455.2,2239.2,3165.6
159,168.0,Papua New Guinea,Oceania,8534.75,462840.0,31.7365,424801.8685,36.65,17.9,28.44,5773.8,1506.5,3148.7
160,169.0,Paraguay,South America,188788.25,406752.0,27.6207,1025.710855548346,27.17,21.73,24.435,1973.6,722.1,1358.1
161,170.0,Peru,South America,365.75,1285220.0,51.1668,1930.8812,37.17,0.07,24.855,5273.9,6.0,1556.3
162,171.0,Philippines,Asia,987.0,300000.0,59.3854,248825.44953984304,29.18,19.13,26.175,4662.2,1046.1,2312.15
163,172.0,Pitcairn,Oceania,6611995.25,5.0,7.3506222222222215,0.15804723581487432,16.41,3.82,11.525,2879.7083333333335,2542.0083333333337,2609.933333333334
164,173.0,Poland,Europe,0.0,312690.0,96.04,685768.2875,13.55,8.1,10.07,921.1,379.6,501.0
165,174.0,Portugal,Europe,0.0,92225.6,59.153,7064.2156,23.78,11.62,16.73,1696.8,592.9,846.0
166,177.0,Puerto Rico,North America,246.25,8870.0,1.7180000000000002,1266.4189999999999,27.25,24.69,25.25,1916.7,1539.6,1539.6
167,179.0,Qatar,Asia,100921.40208333333,11490.0,82.3529,0.19998759406633987,28.97,28.63,28.89,165.2,118.9,165.2
168,117.0,Republic of Korea,Asia,4749.5,100370.0,135.42700000000002,27630.19966960912,17.35,9.56,12.19,1743.9,1215.6,1335.8
169,146.0,Republic of Moldova,Europe,8078.0,33850.0,33.2729,5126.0815,12.25,10.99,11.58,692.3,464.8,576.4
170,183.0,Romania,Europe,133542.5,238400.0,37.7286,15200.2354,14.78,4.47,11.7,927.1,461.3,702.75
171,185.0,Russian Federation,Europe,85974.0,17098250.0,12.4918,1559015.47,14.75,-17.18,-4.45,1789.8,52.4,447.4
172,184.0,Rwanda,Africa,279951.0,26340.0,3.092,28967.157000000003,21.92,17.83,20.1,1772.9,1149.5,1358.55
173,187.0,"Saint Helena, Ascension and Tristan da Cunha",Seven seas (open ocean),750059.2473958333,122.0,14.669599999999999,0.41881418885976646,26.345,16.240000000000002,21.955,1578.25,1.0,622.425
174,188.0,Saint Kitts and Nevis,North America,0.0,260.0,1.7180000000000002,569.5116391429947,12.14,10.82,11.660000000000002,664.7,584.7,598.6
175,189.0,Saint Lucia,North America,0.0,620.0,13.215,1358.0662164179105,21.653333333333332,21.213333333333335,21.493333333333336,1375.7666666666667,1349.1000000000001,1353.7333333333333
176,190.0,Saint Pierre and Miquelon,North America,437.15000000000003,242.0,29.678974999999998,67.36587783654142,12.14,10.82,11.66,664.7,584.7,598.6
177,191.0,Saint Vincent and the Grenadines,North America,0.0,390.0,39.24798333333334,854.267458714492,26.41,26.41,26.41,1731.3,1731.3,1731.3
178,244.0,Samoa,Oceania,7741216.25,2840.0,0.1607,89.77082994284861,16.41,3.82,11.525,3142.8,3142.8,3142.8
179,192.0,San Marino,Europe,128700.15039406966,60.0,90.75169999999999,4.08222679733491,16.55,2.165,13.24,1471.2,563.9,1014.35
180,193.0,Sao Tome and Principe,Africa,2573271.4791666665,1001.0,9.27625,78.9558902008696,28.36,22.400000000000002,25.008333333333336,3102.6999999999994,1191.8999999999999,1888.1499999999999
181,194.0,Saudi Arabia,Asia,216714.75,2149690.0,47.7542,25502.42160181709,33.86,17.23,26.85,297.4,2.7,114.1
182,195.0,Senegal,Africa,517060.25,196710.0,11.2874,8747.765201737651,31.43,25.82,28.72,1293.5,239.9,657.3
183,272.0,Serbia,Europe,13923.0,88360.0,41.6633,73.411,15.07,8.01,12.19,1169.6,629.9,761.0
184,196.0,Seychelles,Seven seas (open ocean),1307958.154513889,460.0,30.1613,50.34690178391281,29.66,20.19666666666667,24.833333333333332,2353.933333333333,1066.1000000000001,1452.6999999999998
185,197.0,Sierra Leone,Africa,85750.0,72300.0,4.0473,2690.4807159000534,29.48,25.62,28.23,2872.4,1934.5,2449.3
186,200.0,Singapore,Asia,198768.8529265873,719.0,44.595777777777776,1441.53668044474,28.893333333333334,21.524444444444445,26.761666666666667,4579.877777777778,1490.2333333333333,2554.2833333333333
187,199.0,Slovakia,Europe,3027.5,49030.0,94.4886,1659.9301,13.23,5.36,11.75,921.1,498.8,602.1
188,198.0,Slovenia,Europe,665.0,20480.0,115.7709,3898.4664,11.97,5.83,11.38,1471.2,802.8,1202.5
189,25.0,Solomon Islands,Oceania,65220.50833333334,28900.0,6.00755,10.535,26.72,24.45,26.24,4297.5,3155.2,3692.1
190,201.0,Somalia,Africa,227500.0,637660.0,14.623044444444446,35058.81070120985,37.17,23.53,29.14,1049.9,22.0,204.4
191,202.0,South Africa,Africa,201250.0,1219090.0,37.8635,4315.3513,26.45,10.23,17.97,989.9,37.2,351.6
192,277.0,South Sudan,Africa,1137500.0,633906.576,4.160233333333333,33582.8021,27.713333333333335,18.096666666666668,24.554999999999996,1674.6666666666667,611.4666666666667,985.5833333333334
193,203.0,Spain,Europe,45815.0,505957.289,61.6262,10997.2647,24.53,7.75,14.14,1564.0,287.0,696.1
194,38.0,Sri Lanka,Asia,295.75,65610.0,29.0225,14782.1846,30.62,24.84,29.565,2213.4,1127.4,1666.4
195,276.0,Sudan,Africa,9511250.0,1854105.405,8.1569,40916.80615157265,33.37,20.55,28.865,1322.1,0.1,288.9
196,207.0,Suriname,South America,114370.090625,165000.0,102.664,10336.3425,27.81,23.69,25.875,2419.6,1732.7,2254.0
197,210.0,Sweden,Europe,0.0,447430.0,72.1171,258610.6128,10.1,-5.7,3.1,977.8,370.1,501.4
198,211.0,Switzerland,Europe,124279.33635085978,41290.39,105.2285,14857.5803,12.78,-1.19,7.18,1460.1,868.9,1081.2
199,212.0,Syrian Arab Republic,Asia,1751.75,185180.0,0.9434,3.2231246883555107,23.95,14.45,19.67,1074.4,103.1,385.6
200,208.0,Tajikistan,Asia,201.25,141380.0,9.3084,3646.009499457755,19.55,-13.3,-1.56,501.6,2.9,258.3
201,216.0,Thailand,Asia,64372.0,513120.0,71.1366,15476.2917,29.25,22.6,27.3,3865.4,949.7,1495.3
202,176.0,Timor-Leste,Asia,316025.6619552262,14870.0,49.66837777777778,6497.161038429178,27.33,25.63,26.205,1456.5,1245.9,1302.5
203,217.0,Togo,Africa,485170.0,56790.0,1.5142,2659.408324340271,28.9,26.04,27.3,1470.7,1018.7,1238.4
204,219.0,Tonga,Oceania,7741216.25,750.0,2.0506,23.707085372231145,16.41,3.82,11.525,3341.6625000000004,2835.1125,2937.0
205,220.0,Trinidad and Tobago,North America,10787.048611111111,5130.0,138.2979,11236.90272616755,27.04,26.43,26.735,1784.3,1784.3,1784.3
206,222.0,Tunisia,Africa,2017.75,163610.0,14.3801,11443.862764169147,24.97,13.9,21.12,962.7,43.4,200.6
207,223.0,Turkey,Asia,5.25,785350.0,65.8869,13.6693,22.61,3.65,13.15,1931.4,341.6,665.8
208,213.0,Turkmenistan,Asia,50053.17222222222,488100.0,67.2702,12587.475149846727,19.82,9.74,17.34,419.2,44.9,114.9
209,224.0,Turks and Caicos Islands,North America,18516.05078125,950.0,57.63995,167.2929295045614,27.166666666666668,24.05,26.149999999999995,1441.3666666666668,781.6,1120.3666666666666
210,227.0,Tuvalu,Oceania,65220.50833333333,30.0,0.0,2.3041875799268237,25.549999999999997,24.125,25.17,3350.1,2576.25,2919.8999999999996
211,226.0,Uganda,Africa,650154.75,241550.0,1.2318,97824.3078,27.85,15.91,24.7,1929.0,684.8,1309.3
212,230.0,Ukraine,Europe,339465.0,603550.0,41.6258,561370.6831,13.74,6.99,9.655,1006.5,413.3,560.9
213,225.0,United Arab Emirates,Asia,107605.65671296295,98647.9,185.2767,1128.4588551923566,31.15,27.55,29.87,118.9,2.7,23.7
214,229.0,United Kingdom of Great Britain and Northern Ireland,Europe,134257.72372524434,243610.0,169.7909,81790.4325,11.83,5.7,9.48,2053.4,553.1,847.5
215,215.0,United Republic of Tanzania,Africa,1176411.25,947300.0,9.058,58700.3925,27.03,16.25,22.55,1661.2,602.9,1195.3
216,231.0,United States of America,North America,16224372.5,9831510.0,72.5797,902211.38,25.81,-14.6,16.73,4008.7,20.6,174.6
217,240.0,United States Virgin Islands,North America,27.36111111111111,350.0,1.7180000000000002,641.1727783433806,27.83,27.83,27.83,865.5,865.5,865.5
218,234.0,Uruguay,South America,133000.0,176220.0,85.7994,2289.7507,19.52,16.88,17.855,1618.0,1150.1,1332.85
219,235.0,Uzbekistan,Asia,12099.5,448924.0,161.6394,11577.176181458291,20.99,0.95,14.02,633.6,73.9,132.5
220,155.0,Vanuatu,Oceania,114359.5398919753,12190.0,25.320249999999998,369.25275484632624,24.38,23.8,24.1,2402.7,1997.3,2147.7
221,236.0,Venezuela (Bolivarian Republic of),South America,77666.75,912050.0,78.9697,29855.1274,28.76,10.47,25.22,3744.5,366.5,1953.6
222,237.0,Viet Nam,Asia,400342.0790068342,331230.0,136.4496,65970.6682,28.62,19.54,24.345,2738.9,1474.5,1937.0
223,243.0,Wallis and Futuna Islands,Oceania,7741216.25,142.0,0.7906666666666667,4.48854149714243,16.41,3.82,11.525,3474.2375000000006,2629.9875,2799.8000000000006
224,249.0,Yemen,Asia,272513.5,527970.0,2.6102,6610.67076810935,37.71,17.97,24.455,468.4,13.6,125.8
225,251.0,Zambia,Africa,22977.5,752610.0,38.5781,127798.0228,25.68,18.3,23.03,1422.8,489.3,1034.7
226,181.0,Zimbabwe,Africa,131817.0,390760.0,15.8537,49181.49319436382,25.85,17.38,21.54,971.1,272.8,583.1
