Country Code,Barley_Cellulose_2030,Barley_Hemicellulose_2030,Barley_Lignin_2030,Barley_Cellulose_2040,Barley_Hemicellulose_2040,Barley_Lignin_2040,Maize_Cellulose_2030,Maize_Hemicellulose_2030,Maize_Lignin_2030,Maize_Cellulose_2040,Maize_Hemicellulose_2040,Maize_Lignin_2040,Rice_Cellulose_2030,Rice_Hemicellulose_2030,Rice_Lignin_2030,Rice_Cellulose_2040,Rice_Hemicellulose_2040,Rice_Lignin_2040,Sorghum_Cellulose_2030,Sorghum_Hemicellulose_2030,Sorghum_Lignin_2030,Sorghum_Cellulose_2040,Sorghum_Hemicellulose_2040,Sorghum_Lignin_2040,Wheat_Cellulose_2030,Wheat_Hemicellulose_2030,Wheat_Lignin_2030,Wheat_Cellulose_2040,Wheat_Hemicellulose_2040,Wheat_Lignin_2040,Protein-2030,Protein-2040
2,955417.6098,489360.2392,815600.3986,955417.6098,489360.2392,815600.3986,4504484.492,3118489.263,3811486.878,4491839.074,3109734.743,3800786.909,7308990.823,4872660.548,8324128.437,7312556.86,4875037.907,8328189.757,311325.7262,249060.5809,1515118.534,311299.0406,249039.2325,1514988.664,13891128.58,9870012.414,13160016.55,13891128.58,9870012.414,13160016.55,9954830.227,10081737.88
3,17873053.95,9154491.045,15257485.08,17873053.95,9154491.045,15257485.08,968641.8071,670598.1742,819619.9906,955996.3893,661843.6541,808920.0217,2476119.819,1650746.546,2820025.35,2472553.782,1648369.188,2815964.029,177671.636,142137.3088,864668.6284,177644.9505,142115.9604,864538.759,850157.733,604059.4419,805412.5892,850157.733,604059.4419,805412.5892,7498344.916,9923329.83
4,894250.4894,458030.7384,763384.5641,894250.4894,458030.7384,763384.5641,5690978.351,3939908.089,4815443.22,5678332.933,3931153.569,4804743.251,6747913.635,4498609.09,7685123.863,6751479.673,4500986.449,7689185.183,340242.7339,272194.1871,1655847.971,340216.0484,272172.8387,1655718.102,13393350.12,9516327.714,12688436.95,13393350.12,9516327.714,12688436.95,9976965.674,10095554.6
5,34057070.73,17443865.5,29073109.16,34057070.73,17443865.5,29073109.16,1136660.118,786918.5429,961789.3303,1124014.7,778164.0229,951089.3613,2088155.039,1392103.359,2378176.572,2091721.076,1394480.717,2382237.892,459175.0376,367340.0301,2234651.85,459148.3521,367318.6817,2234521.98,3571498.067,2537643.364,3383524.485,3571498.067,2537643.364,3383524.485,13854548.64,18483281.12
6,8897761.266,4557389.917,7595649.861,8897761.266,4557389.917,7595649.861,2368128.436,1639473.532,2003800.984,2355483.018,1630719.012,1993101.015,2411235.915,1607490.61,2746129.793,2407669.878,1605113.252,2742068.472,250966.7789,200773.4231,1221371.657,250940.0934,200752.0747,1221241.788,3581539.547,2544778.099,3393037.466,3581539.547,2544778.099,3393037.466,6122655.711,7327000.82
7,79036.02858,40481.8683,67469.78049,79036.02858,40481.8683,67469.78049,3751961.038,2597511.488,3174736.263,3739315.62,2588756.968,3164036.294,1400254.692,933503.1278,1594734.51,1403820.729,935880.4861,1598795.83,61994.07881,49595.26305,301704.5169,62020.76432,49616.61146,301834.3864,408781.2721,290449.8513,387266.4683,408781.2721,290449.8513,387266.4683,2058969.314,2066737.462
258,10567355.6,5412547.992,9020913.32,10567355.6,5412547.992,9020913.32,1001876.714,693606.9558,847741.8348,1014522.132,702361.4758,858441.8037,733271.912,488847.9414,835115.2332,729705.8747,486470.5831,831053.9129,91361.48296,73089.18637,444625.8837,91334.79745,73067.83796,444496.0143,363532.727,258299.5692,344399.4256,363532.727,258299.5692,344399.4256,4240015.666,5680156.78
8,10567492.17,5412617.939,9021029.898,10567492.17,5412617.939,9021029.898,1000945.108,692961.9978,846953.5528,1013590.526,701716.5178,857653.5218,731899.9177,487933.2785,833552.6841,728333.8804,485555.9203,829491.3638,91316.71764,73053.37411,444408.0258,91290.03213,73032.02571,444278.1564,364325.4515,258862.8208,345150.4277,364325.4515,258862.8208,345150.4277,4239460.457,5679620.143
9,3641042.266,1864924.087,3108206.812,3641042.266,1864924.087,3108206.812,9613968.206,6655824.143,8134896.175,9601322.788,6647069.623,8124196.206,10873580.09,7249053.394,12383799.55,10877146.13,7251430.752,12387860.87,473695.2283,378956.1826,2305316.778,473668.5428,378934.8342,2305186.908,19941145.15,14168708.4,18891611.2,19941145.15,14168708.4,18891611.2,16277122.96,16769275.57
1,8021026.603,4108330.699,6847217.832,8021026.603,4108330.699,6847217.832,698271.0995,483418.4535,590844.7765,685625.6817,474663.9335,580144.8076,1404857.376,936571.584,1599976.456,1401291.339,934194.2258,1595915.136,127730.1096,102184.0877,621619.8667,127756.7951,102205.4361,621749.7362,2140260.51,1520711.415,2027615.22,2140260.51,1520711.415,2027615.22,4247366.508,5332524.092
22,9790016.254,5014398.569,8357330.949,9790016.254,5014398.569,8357330.949,316821.2189,219337.7669,268079.4929,329466.6367,228092.287,278779.4618,2523866.529,1682577.686,2874403.547,2527432.566,1684955.044,2878464.867,48629.92931,38903.94345,236665.656,48656.61482,38925.29185,236795.5254,257843.8393,183204.8332,244273.1109,257843.8393,183204.8332,244273.1109,4359664.052,5696856.686
10,3484720.476,1784856.829,2974761.382,3484720.476,1784856.829,2974761.382,20367914.78,14100864.08,17234389.43,20355269.36,14092109.56,17223689.46,2545343.872,1696895.915,2898863.854,2548909.909,1699273.273,2902925.175,524831.2266,419864.9813,2554178.636,524804.5411,419843.6329,2554048.767,22026655,15650518.03,20867357.37,22026655,15650518.03,20867357.37,17561954.15,18032847
11,10967878.23,5617693.729,9362822.882,10967878.23,5617693.729,9362822.882,1405522.77,973054.2251,1189288.497,1392877.352,964299.7051,1178588.528,132397.56,88265.03999,150786.11,128831.5227,85887.68177,146724.7897,3209.940948,2567.952758,15621.71261,3236.626455,2589.301164,15751.58208,1788622.232,1270863.165,1694484.22,1788622.232,1270863.165,1694484.22,4714178.645,6200108.051
52,6439374.585,3298216.251,5497027.085,6439374.585,3298216.251,5497027.085,382915.4764,265095.3298,324005.4031,370270.0586,256340.8098,313305.4342,1664725.933,1109817.288,1895937.868,1668291.97,1112194.647,1899999.188,63699.6295,50959.7036,310004.8636,63672.94399,50938.35519,309874.9941,4454107.055,3164760.276,4219680.368,4454107.055,3164760.276,4219680.368,4507084.488,5379810.29
12,15720405.26,8051914.89,13419858.15,15720405.26,8051914.89,13419858.15,1491888.995,1032846.227,1262367.611,1504534.413,1041600.747,1273067.58,632151.7595,421434.5063,719950.615,628585.7222,419057.1481,715889.2947,65581.83502,52465.46802,319164.9304,65555.14951,52444.11961,319035.061,240713.2549,171033.1022,228044.1363,240713.2549,171033.1022,228044.1363,5960855.621,8101811.488
13,1654719.681,847539.3489,1412565.582,1654719.681,847539.3489,1412565.582,1997474.911,1382867.246,1690171.078,2010120.329,1391621.766,1700871.047,581309.2406,387539.4937,662046.6351,577743.2032,385162.1355,657985.3148,113581.4944,90865.19549,552763.2726,113608.1799,90886.5439,552893.142,494407.7452,351289.7137,468386.2849,494407.7452,351289.7137,468386.2849,1725503.661,1953574.679
16,19798260.37,10140572.38,16900953.97,19798260.37,10140572.38,16900953.97,630584.1735,436558.2739,533571.2237,643229.5913,445312.794,544271.1926,2129137.349,1419424.899,2424850.87,2132703.386,1421802.257,2428912.19,101478.2901,81182.63205,493861.0116,101451.6045,81161.28364,493731.1421,587103.6498,417152.5933,556203.4577,587103.6498,417152.5933,556203.4577,7704521.74,10402787.18
14,30090021.86,15411962.42,25686604.03,30090021.86,15411962.42,25686604.03,1284683.779,889396.4627,1087040.121,1297329.197,898150.9827,1097740.09,320837.6618,213891.7746,365398.4482,317271.6245,211514.4163,361337.1279,205102.6409,164082.1128,998166.1859,205075.9554,164060.7643,998036.3164,231778.8748,164684.99,219579.9867,231778.8748,164684.99,219579.9867,10517319.46,14612543.19
57,9671970.748,4953936.237,8256560.395,9671970.748,4953936.237,8256560.395,154382.3018,106880.0551,130631.1784,141736.884,98125.53507,119931.2095,834769.1236,556512.7491,950709.2796,838335.1609,558890.1073,954770.5999,88647.09028,70917.67222,431415.8393,88673.77578,70939.02063,431545.7088,1157315.167,822302.8819,1096403.843,1157315.167,822302.8819,1096403.843,3982536.22,5294943.491
255,11285467.83,5780361.573,9633935.955,11285467.83,5780361.573,9633935.955,738442.2969,511229.2824,624835.7897,751087.7147,519983.8025,635535.7586,246881.8927,164587.9285,281171.0445,243315.8554,162210.5702,277109.7242,75529.1891,60423.35128,367575.387,75555.87461,60444.69969,367705.2564,2242634.65,1593450.936,2124601.248,2242634.65,1593450.936,2124601.248,4859433.456,6397286.223
23,18379796.96,9414042.346,15690070.58,18379796.96,9414042.346,15690070.58,283909.5924,196552.7947,240231.1936,296555.0102,205307.3148,250931.1625,873517.5731,582345.0487,994839.4582,877083.6104,584722.4069,998900.7785,27696.24513,22156.99611,134788.393,27722.93064,22178.34451,134918.2625,1368647.62,972460.1512,1296613.535,1368647.62,972460.1512,1296613.535,6864962.914,9370365.724
53,13556063.95,6943349.829,11572249.71,13556063.95,6943349.829,11572249.71,629467.6575,435785.3013,532626.4794,642113.0753,444539.8214,543326.4483,417087.4382,278058.2921,475016.249,413521.4008,275680.9339,470954.9287,41098.04111,32878.43289,200010.4667,41071.3556,32857.08448,199880.5973,1019757.574,724564.5919,966086.1225,1019757.574,724564.5919,966086.1225,5144077.619,6990683.067
17,10666904.06,5463536.224,9105893.706,10666904.06,5463536.224,9105893.706,990333.6198,685615.583,837974.6014,1002979.038,694370.103,848674.5703,729651.9139,486434.6093,830992.4575,726085.8765,484057.251,826931.1372,63502.17501,50801.74,309043.9184,63475.4895,50780.3916,308914.0489,555123.8554,394430.1078,525906.8104,555123.8554,394430.1078,525906.8104,4310675.771,5764355.474
18,17276594.13,8848987.239,14748312.07,17276594.13,8848987.239,14748312.07,3984030.423,2758174.908,3371102.665,3971385.005,2749420.388,3360402.696,1744499.433,1162999.622,1986791.021,1740933.396,1160622.264,1982729.701,506002.646,404802.1168,2462546.211,505975.9605,404780.7684,2462416.341,7453931.674,5296214.611,7061619.481,7453931.674,5296214.611,7061619.481,10753058.72,13096925.1
19,1954527.382,1001099.391,1668498.984,1954527.382,1001099.391,1668498.984,3669747.678,2540594.546,3105171.112,3657102.26,2531840.026,3094471.143,18669182.76,12446121.84,21262124.81,18672748.8,12448499.2,21266186.13,537065.4777,429652.3822,2613718.658,537038.7922,429631.0338,2613588.789,19068316.07,13548540.37,18064720.49,19068316.07,13548540.37,18064720.49,16398755.15,16661541.73
80,16112031.88,8252504.133,13754173.55,16112031.88,8252504.133,13754173.55,768600.7449,532108.208,650354.4764,755955.3271,523353.688,639654.5075,1821217.567,1214145.045,2074164.452,1817651.53,1211767.687,2070103.131,115769.9853,92615.98826,563413.9286,115743.2998,92594.63985,563284.0591,290787.9483,206612.4896,275483.3195,290787.9483,206612.4896,275483.3195,6354461.786,8539947.697
20,3340911.823,1711198.739,2851997.898,3340911.823,1711198.739,2851997.898,311506.2353,215658.1629,263582.1991,298860.8175,206903.6429,252882.2302,122616.3279,81744.21859,139646.3734,126182.3652,84121.57681,143707.6937,38731.32754,30985.06203,188492.4607,38704.64203,30963.71363,188362.5912,2392533.594,1699958.08,2266610.773,2392533.594,1699958.08,2266610.773,2129239.565,2580574.432
21,8038103.917,4117077.616,6861796.027,8038103.917,4117077.616,6861796.027,25175094.37,17428911.48,21302002.92,25162448.95,17420156.96,21291302.96,10938567.62,7292378.415,12457813.13,10942133.66,7294755.774,12461874.45,119082.1928,95265.75427,579533.3385,119055.5073,95244.40586,579403.469,15563968.11,11058608.92,14744811.89,15563968.11,11058608.92,14744811.89,21185130.13,22275283.13
239,11933916,6112493.559,10187489.27,11933916,6112493.559,10187489.27,1270602.598,879647.9526,1075125.275,1283248.016,888402.4726,1085825.244,703638.5103,469092.3402,801366.0812,700072.473,466714.982,797304.7609,98788.64155,79030.91324,480771.3889,98761.95604,79009.56483,480641.5194,91698.68574,65154.32934,86872.43912,91698.68574,65154.32934,86872.43912,4669653.565,6295646.892
26,23700615.4,12139339.59,20232232.66,23700615.4,12139339.59,20232232.66,608330.3574,421151.7859,514741.0716,595684.9396,412397.2659,504041.1027,3842086.453,2561390.969,4375709.572,3845652.491,2563768.327,4379770.892,150778.3232,120622.6586,733787.8398,150751.6377,120601.3102,733657.9703,1419532.461,1008615.169,1344820.226,1419532.461,1008615.169,1344820.226,9951630.617,13171885.17
27,10040357.81,5142622.292,8571037.154,10040357.81,5142622.292,8571037.154,502052.2936,347574.6648,424813.4792,489406.8758,338820.1448,414113.5103,1507521.509,1005014.339,1716899.496,1511087.546,1007391.697,1720960.816,11219.26704,8975.413629,54600.43291,11192.58153,8954.065223,54470.56344,4032274.614,2865037.226,3820049.635,4032274.614,2865037.226,3820049.635,5446806.749,6809266.27
233,7734280.909,3961460.954,6602434.923,7734280.909,3961460.954,6602434.923,509498.7295,352729.8897,431114.3096,522144.1474,361484.4097,441814.2785,98912.21699,65941.47799,112650.0249,102478.2543,68318.83622,116711.3452,69691.72429,55753.37943,339166.3915,69665.03878,55732.03102,339036.5221,881904.8543,626616.607,835488.8094,881904.8543,626616.607,835488.8094,3084159.747,4141723.985
29,21138104.32,10826833.92,18044723.2,21138104.32,10826833.92,18044723.2,457207.9262,316528.5643,386868.2453,469853.344,325283.0843,397568.2142,81532.82369,54355.21579,92856.82698,85098.86103,56732.57402,96918.14728,190852.1842,152681.7473,928813.963,190825.4987,152660.3989,928684.0936,1374550.489,976654.2946,1302205.726,1374550.489,976654.2946,1302205.726,7660168.646,10540652.87
35,2967197.805,1519784.242,2532973.736,2967197.805,1519784.242,2532973.736,1973277.665,1366115.306,1669696.486,1985923.083,1374869.826,1680396.454,959789.2744,639859.5163,1093093.34,956223.2371,637482.1581,1089032.02,15594.32216,12475.45773,75892.36784,15567.63665,12454.10932,75762.49837,647071.0898,459761.0375,613014.7166,647071.0898,459761.0375,613014.7166,2250201.105,2656720.758
115,18723775.69,9590226.571,15983710.95,18723775.69,9590226.571,15983710.95,278295.353,192666.0136,235480.6833,290940.7708,201420.5336,246180.6522,1813693.306,1209128.871,2065595.154,1817259.344,1211506.229,2069656.475,137008.776,109607.0208,666776.043,136982.0904,109585.6724,666646.1735,2146220.434,1524946.098,2033261.464,2146220.434,1524946.098,2033261.464,7712613.37,10264748.9
32,10114107.09,5180396.313,8633993.855,10114107.09,5180396.313,8633993.855,2467212.039,1708069.873,2087640.956,2454566.621,1699315.353,2076940.987,305677.7519,203785.1679,348132.9952,309243.7892,206162.5262,352194.3155,39113.29967,31290.63974,190351.3918,39139.98518,31311.98815,190481.2612,2516431.52,1787990.817,2383987.756,2516431.52,1787990.817,2383987.756,5167752.679,6540290.492
33,7374438.9,3777151.632,6295252.72,7374438.9,3777151.632,6295252.72,28323307.63,19608443.74,23965875.69,28310662.21,19599689.22,23955175.72,10117962.42,6745308.282,11523234.98,10121528.46,6747685.64,11527296.3,907430.0703,725944.0563,4416159.676,907403.3848,725922.7079,4416029.806,34848573.15,24760828.29,33014437.72,34848573.15,24760828.29,33014437.72,29430991.46,30430886.01
36,14949910.75,7657271.359,12762118.93,14949910.75,7657271.359,12762118.93,897449.3671,621311.1003,759380.2337,910094.7849,630065.6203,770080.2026,581686.7775,387791.185,662476.6077,578120.7402,385413.8268,658415.2874,32942.69567,26354.15653,160321.1189,32916.01016,26332.80813,160191.2494,1659520.406,1179132.92,1572177.227,1659520.406,1179132.92,1572177.227,5971738.897,8007907.51
37,17112189.6,8764780.04,14607966.73,17112189.6,8764780.04,14607966.73,1422034.647,984485.5251,1203260.086,1409389.23,975731.0051,1192560.117,745656.5345,497104.3563,849219.942,749222.5718,499481.7145,853281.2623,174069.457,139255.5656,847138.024,174042.7715,139234.2172,847008.1545,1330827.92,945588.2586,1260784.345,1330827.92,945588.2586,1260784.345,6920273.101,9244501.746
39,290558.0779,148822.4301,248037.3836,290558.0779,148822.4301,248037.3836,2056490.712,1423724.339,1740107.525,2043845.294,1414969.819,1729407.556,5513822.697,3675881.798,6279631.405,5517388.734,3678259.156,6283692.725,186410.9597,149128.7678,907200.004,186384.2742,149107.4194,907070.1346,7281804.295,5173913.578,6898551.437,7281804.295,5173913.578,6898551.437,5708475.615,5744962.373
40,2542095.384,1302048.855,2170081.426,2542095.384,1302048.855,2170081.426,7490293.885,5185588.074,6337940.979,7477648.467,5176833.554,6327241.01,636326.0513,424217.3675,724704.6696,632760.014,421840.0093,720643.3493,434773.9093,347819.1275,2115899.692,434747.2238,347797.7791,2115769.823,11800235.31,8384377.724,11179170.3,11800235.31,8384377.724,11179170.3,8306277.895,8646252.444
351,5578357.748,2857207.627,4762012.712,5578357.748,2857207.627,4762012.712,31644991.6,21908071.11,26776531.36,31632346.19,21899316.59,26765831.39,22684590.14,15123060.09,25835227.66,22688156.18,15125437.45,25839288.98,872929.5822,698343.6657,4248257.3,872902.8967,698322.3173,4248127.43,42612586.74,30277364.27,40369819.02,42612586.74,30277364.27,40369819.02,37569911.69,38325539.2
96,16939395.72,8676275.858,14460459.76,16939395.72,8676275.858,14460459.76,1558770.595,1079148.874,1318959.734,1571416.013,1087903.394,1329659.703,664511.5185,443007.679,756804.7849,660945.4812,440630.3208,752743.4646,8408.322021,6726.657617,40920.5005,8435.007528,6748.006022,41050.36997,604588.7173,429576.1939,572768.2585,604588.7173,429576.1939,572768.2585,6468203.953,8774990.912
128,21486630.51,11005347.33,18342245.56,21486630.51,11005347.33,18342245.56,140412.3601,97208.55702,118810.4586,153057.778,105963.077,129510.4275,91076.14054,60717.42703,103725.6045,87510.10321,58340.0688,99664.28421,21056.56687,16845.2535,102475.2921,21029.88137,16823.90509,102345.4227,12594.73472,8948.890459,11931.85394,12594.73472,8948.890459,11931.85394,7020323.609,9945486.109
44,4465526.036,2287220.653,3812034.421,4465526.036,2287220.653,3812034.421,11562519.64,8004821.286,9783670.461,11549874.22,7996066.766,9772970.492,659241.5678,439494.3785,750802.8966,655675.5304,437117.0203,746741.5763,234723.8472,187779.0778,1142322.723,234697.1617,187757.7294,1142192.854,1911866.947,1358431.778,1811242.371,1911866.947,1358431.778,1811242.371,6583990.939,7185552.056
45,51987786.81,26627890.8,44379818.01,51987786.81,26627890.8,44379818.01,523772.5533,362611.7677,443192.1605,536417.9711,371366.2877,453892.1294,138853.0507,92568.70046,158138.1966,142419.088,94946.05868,162199.5169,391946.1129,313556.8903,1907471.083,391919.4274,313535.5419,1907341.213,857228.5932,609083.4741,812111.2988,857228.5932,609083.4741,812111.2988,17626420.01,24702461.05
46,24437429.04,12516731.95,20861219.91,24437429.04,12516731.95,20861219.91,541547.7055,374917.6423,458232.6739,528902.2877,366163.1222,447532.705,297459.2977,198306.1984,338773.089,301025.335,200683.5567,342834.4093,173918.7538,139135.0031,846404.602,173892.0683,139113.6547,846274.7325,67119.02943,47689.8367,63586.44894,67119.02943,47689.8367,63586.44894,8345296.081,11665757.29
47,45409629.28,23258590.61,38764317.68,45409629.28,23258590.61,38764317.68,1402719.564,971113.5443,1186916.554,1390074.146,962359.0242,1176216.585,1538374.373,1025582.916,1752037.481,1541940.411,1027960.274,1756098.801,424126.4025,339301.122,2064081.826,424099.717,339279.7736,2063951.956,5467477.444,3884786.605,5179715.473,5467477.444,3884786.605,5179715.473,18042952.84,24215633.28
48,28880193.18,14792294.07,24653823.44,28880193.18,14792294.07,24653823.44,736858.3608,510132.7113,623495.536,724212.943,501378.1913,612795.5671,2911477.353,1940984.902,3315849.208,2915043.391,1943362.261,3319910.528,12174.94435,9739.955479,59251.39583,12148.25884,9718.607074,59121.52637,461659.4285,328021.1729,437361.5639,461659.4285,328021.1729,437361.5639,10835571.14,14760248.27
107,16583844.01,8494164.006,14156940.01,16583844.01,8494164.006,14156940.01,183123.5194,126777.8211,154950.6702,170478.1016,118023.3011,144250.7013,164258.5003,109505.6669,187072.1809,167824.5376,111883.0251,191133.5012,71054.16473,56843.33178,345796.935,71027.47922,56821.98338,345667.0656,1618827.287,1150219.388,1533625.851,1618827.287,1150219.388,1533625.851,6111432.455,8363806.099
98,12801731.96,6556984.664,10928307.77,12801731.96,6556984.664,10928307.77,431696.4701,298866.787,365281.6285,419051.0522,290112.2669,354581.6596,1240463.332,826975.5547,1412749.906,1236897.295,824598.1965,1408688.586,15887.56792,12710.05433,77319.49719,15860.88241,12688.70593,77189.62772,980481.8359,696658.1465,928877.5287,980481.8359,696658.1465,928877.5287,5110199.009,6845484.132
49,8766863.75,4490344.848,7483908.08,8766863.75,4490344.848,7483908.08,33797.22029,23398.07559,28597.64794,21151.80248,14643.55556,17897.67902,352563.2324,235042.1549,401530.348,348997.1951,232664.7967,397469.0277,141131.888,112905.5104,686841.8548,141158.5735,112926.8588,686971.7242,4226096.013,3002752.43,4003669.907,4226096.013,3002752.43,4003669.907,4622564.243,5809155.679
50,8308326.183,4255484.143,7092473.571,8308326.183,4255484.143,7092473.571,1295344.416,896776.9036,1096060.66,1307989.834,905531.4236,1106760.629,580963.0728,387308.7152,661652.3885,577397.0355,384931.357,657591.0682,8326.431863,6661.145491,40521.9684,8299.746356,6639.797085,40392.09893,507329.7791,360471.1588,480628.2118,507329.7791,360471.1588,480628.2118,3533052.71,4665965.822
167,8902559.716,4559847.66,7599746.099,8902559.716,4559847.66,7599746.099,136694.0623,94634.3508,115664.2065,149339.4801,103388.8708,126364.1755,1189446.686,792964.4576,1354647.615,1185880.649,790587.0994,1350586.295,46932.90061,37546.32049,228406.783,46959.58612,37567.66889,228536.6524,1546716.208,1098982.569,1465310.092,1546716.208,1098982.569,1465310.092,3967133.563,5180910.825
116,14168793.28,7257186.8,12095311.33,14168793.28,7257186.8,12095311.33,858807.7094,594559.1834,726683.4464,846162.2916,585804.6634,715983.4775,2107077.416,1404718.278,2399727.058,2110643.454,1407095.636,2403788.378,54272.30295,43417.84236,264125.2077,54245.61745,43396.49396,263995.3382,5008952.376,3558992.478,4745323.304,5008952.376,3558992.478,4745323.304,7519160.93,9443087.674
250,14434170.97,7393111.961,12321853.27,14434170.97,7393111.961,12321853.27,6608102.186,4574839.975,5591471.08,6595456.768,4566085.455,5580771.111,5862541.894,3908361.263,6676783.824,5866107.932,3910738.621,6680845.144,139739.1501,111791.3201,680063.8638,139712.4646,111769.9717,679933.9943,6421194.959,4562427.997,6083237.329,6421194.959,4562427.997,6083237.329,11610277.98,13570296.09
54,8917584.618,4567543.341,7612572.234,8917584.618,4567543.341,7612572.234,613176.7737,424506.9972,518841.8855,625822.1915,433261.5172,529541.8544,863383.8007,575589.2005,983298.2175,859817.7634,573211.8422,979236.8972,29038.04236,23230.43389,141318.4728,29064.72786,23251.78229,141448.3423,310074.9205,220316.3909,293755.1878,310074.9205,220316.3909,293755.1878,3548815.35,4764635.999
72,1493360.74,764892.0865,1274820.144,1493360.74,764892.0865,1274820.144,1820874.493,1260605.418,1540739.956,1833519.911,1269359.939,1551439.925,1283133.597,855422.3978,1461346.596,1279567.559,853045.0396,1457285.276,5340.056186,4272.044949,25988.27344,5313.370679,4250.696543,25858.40397,749196.32,532323.7011,709764.9348,749196.32,532323.7011,709764.9348,1874362.983,2080440.795
55,10569228.35,5413507.204,9022512.006,10569228.35,5413507.204,9022512.006,1000090.676,692370.4683,846230.5723,1012736.094,701124.9883,856930.5413,730641.5798,487094.3865,832119.577,727075.5424,484717.0283,828058.2567,90814.78335,72651.82668,441965.279,90788.09784,72630.47827,441835.4095,368044.8271,261505.535,348674.0467,368044.8271,261505.535,348674.0467,4240133.352,5680529.159
56,12509913.08,6407516.458,10679194.1,12509913.08,6407516.458,10679194.1,648092.6507,448679.5274,548386.0891,660738.0685,457434.0474,559086.058,1470259.396,980172.9308,1674462.09,1473825.434,982550.2891,1678523.41,21083.64462,16866.91569,102607.0705,21110.33012,16888.2641,102736.9399,261242.0907,185619.3802,247492.5069,261242.0907,185619.3802,247492.5069,4923415.959,6630514.562
58,3331494.955,1706375.465,2843959.108,3331494.955,1706375.465,2843959.108,1294542.072,896221.4347,1095381.754,1281896.655,887466.9147,1084681.785,6479298.715,4319532.477,7379201.315,6482864.753,4321909.835,7383262.635,96380.90818,77104.72654,469053.7531,96354.22267,77083.37814,468923.8837,2914059.934,2070516.269,2760688.358,2914059.934,2070516.269,2760688.358,5131798.329,5581852.502
59,1469012.388,752420.9793,1254034.966,1469012.388,752420.9793,1254034.966,2396682.341,1659241.621,2027961.981,2384036.923,1650487.101,2017262.012,1134178.297,756118.8649,1291703.061,1130612.26,753741.5067,1287641.741,214123.3591,171298.6873,1042067.014,214150.0446,171320.0357,1042196.884,6033456.758,4286929.802,5715906.402,6033456.758,4286929.802,5715906.402,4107898.567,4301982.218
60,18355534.22,9401615.088,15669358.48,18355534.22,9401615.088,15669358.48,222419.0086,153982.3906,188200.6996,235064.4264,162736.9106,198900.6685,331018.914,220679.276,376993.7631,327452.8766,218301.9178,372932.4428,51731.93872,41385.55098,251762.1018,51705.25321,41364.20257,251632.2323,48080.91483,34162.75527,45550.34036,48080.91483,34162.75527,45550.34036,6173376.66,8672710.065
61,27488046.48,14079243.32,23465405.53,27488046.48,14079243.32,23465405.53,309232.1596,214083.8028,261657.9812,321877.5774,222838.3228,272357.9501,446480.1393,297653.4262,508491.2698,442914.102,295276.068,504429.9495,258891.2702,207113.0161,1259937.515,258864.5847,207091.6677,1259807.645,868575.4849,617145.7393,822860.9857,868575.4849,617145.7393,822860.9857,9670255.264,13411610.34
178,804656.2754,412141.0191,686901.6985,804656.2754,412141.0191,686901.6985,363743.422,251822.3691,307782.8956,351098.0042,243067.8491,297082.9267,878533.6261,585689.084,1000552.185,882099.6634,588066.4423,1004613.506,111663.2108,89330.56867,543427.626,111636.5253,89309.22026,543297.7566,3515901.685,2498140.671,3330854.228,3515901.685,2498140.671,3330854.228,2091835.117,2198239.229
63,4129927.557,2115328.749,3525547.915,4129927.557,2115328.749,3525547.915,646794.2883,447780.6611,547287.4747,659439.7061,456535.1811,557987.4436,1009552.429,673034.9524,1149768.044,1005986.391,670657.5942,1145706.723,37089.66265,29671.73012,180503.0249,37116.34816,29693.07853,180632.8944,265132.1059,188383.3384,251177.7845,265132.1059,188383.3384,251177.7845,2066789.241,2631488.53
209,12171926.08,6234401.165,10390668.61,12171926.08,6234401.165,10390668.61,1041198.65,720829.8343,881014.2419,1053844.067,729584.3543,891714.2108,382381.3576,254920.9051,435489.8795,385947.395,257298.2633,439551.1998,76906.82504,61525.46003,374279.8819,76880.13953,61504.11163,374150.0124,1373035.36,975577.7557,1300770.341,1373035.36,975577.7557,1300770.341,4987789.983,6648873.964
238,2717393.281,1391835.583,2319725.971,2717393.281,1391835.583,2319725.971,5178408.953,3585052.352,4381730.653,5165763.535,3576297.832,4371030.684,3058617.644,2039078.429,3483425.65,3062183.681,2041455.787,3487486.97,106250.5525,85000.44196,517086.022,106223.8669,84979.09356,516956.1525,6476901.242,4602008.777,6136011.702,6476901.242,4602008.777,6136011.702,6266679.706,6633216.052
65,10451177.03,5353041.895,8921736.492,10451177.03,5353041.895,8921736.492,791864.4088,548213.8215,670039.1152,804509.8267,556968.3415,680739.0841,990531.755,660354.5033,1128105.61,986965.7176,657977.1451,1124044.29,10935.11159,8748.089271,53217.54306,10961.7971,8769.437677,53347.41253,900372.9255,639738.6576,852984.8768,900372.9255,639738.6576,852984.8768,4349424.41,5773813.627
64,33646694.66,17233672.87,28722788.12,33646694.66,17233672.87,28722788.12,162266.8158,112338.5648,137302.6903,174912.2336,121093.0848,148002.6592,575915.1629,383943.4419,655903.38,572349.1255,381566.0837,651842.0597,81498.67469,65198.93975,396626.8835,81471.98918,65177.59135,396497.014,1903875.985,1352753.989,1803671.986,1903875.985,1352753.989,1803671.986,11863885.5,16442816.72
66,42415000.19,21724756.19,36207926.99,42415000.19,21724756.19,36207926.99,37508.04543,25967.10837,31737.5769,50153.46324,34721.6284,42437.54582,136807.3168,91204.87786,155808.333,140373.3541,93582.23608,159869.6533,272379.4082,217903.5266,1325579.787,272352.7227,217882.1782,1325449.917,987947.0343,701962.3665,935949.822,987947.0343,701962.3665,935949.822,14316507.65,20090649.7
67,7504974.562,3844011.361,6406685.601,7504974.562,3844011.361,6406685.601,1548071.527,1071741.827,1309906.677,1535426.109,1062987.306,1299206.708,738587.1916,492391.4611,841168.746,742153.229,494768.8193,845230.0663,34991.49545,27993.19636,170291.9445,34964.80995,27971.84796,170162.0751,4267344.287,3032060.414,4042747.219,4267344.287,3032060.414,4042747.219,4805283.581,5822930.981
68,12266559.19,6282871.779,10471452.96,12266559.19,6282871.779,10471452.96,4140502.359,2866501.633,3503501.996,4127856.941,2857747.113,3492802.027,1753735.581,1169157.054,1997309.967,1750169.544,1166779.696,1993248.647,423934.1453,339147.3162,2063146.174,423907.4598,339125.9678,2063016.304,6567241.858,4666198.162,6221597.55,6567241.858,4666198.162,6221597.55,8803668.651,10466170.28
70,45430961.21,23269516.72,38782527.86,45430961.21,23269516.72,38782527.86,1413082.991,978288.2247,1195685.608,1400437.573,969533.7047,1184985.639,1541131.216,1027420.811,1755177.218,1544697.253,1029798.169,1759238.538,418606.3519,334885.0815,2037217.579,418579.6663,334863.7331,2037087.71,5513098.275,3917201.406,5222935.208,5513098.275,3917201.406,5222935.208,18065932.06,24241513.65
74,24424403.09,12510060.12,20850100.2,24424403.09,12510060.12,20850100.2,398662.4579,275997.0862,337329.7721,386017.0401,267242.5662,326629.8032,404795.1953,269863.4635,461016.7502,408361.2326,272240.8218,465078.0705,270393.5367,216314.8294,1315915.212,270366.8512,216293.481,1315785.343,711034.161,505208.4828,673611.3105,711034.161,505208.4828,673611.3105,8652959.969,11971649.65
75,11649030.7,5966576.701,9944294.502,11649030.7,5966576.701,9944294.502,1098756.59,760677.6395,929717.1149,1111402.008,769432.1595,940417.0839,1316983.554,877989.0362,1499897.937,1313417.517,875611.678,1495836.617,52233.03312,41786.42649,254200.7612,52206.34761,41765.07809,254070.8917,1126421.827,800352.3505,1067136.467,1126421.827,800352.3505,1067136.467,5084503.431,6671752.358
73,10981832.08,5624840.823,9374734.704,10981832.08,5624840.823,9374734.704,1985356.1,1374477.3,1679916.7,1972710.682,1365722.78,1669216.731,1180671.032,787114.0215,1344653.12,1177104.995,784736.6632,1340591.8,142627.6387,114102.1109,694121.1748,142600.9532,114080.7625,693991.3053,3437584.837,2442494.489,3256659.319,3437584.837,2442494.489,3256659.319,6041281.221,7529059.961
79,6883948.215,3525924.695,5876541.159,6883948.215,3525924.695,5876541.159,394079.4909,272824.263,333451.877,381434.0731,264069.7429,322751.908,1724628.613,1149752.409,1964160.365,1728194.65,1152129.767,1968221.685,11136.15704,8908.925635,54195.96428,11162.84255,8930.274041,54325.83375,2998143.134,2130259.595,2840346.127,2998143.134,2130259.595,2840346.127,4102888.935,5036125.141
81,14300648.62,7324722.464,12207870.77,14300648.62,7324722.464,12207870.77,440272.1331,304803.7845,372537.9588,452917.5509,313558.3045,383237.9277,76130.03497,50753.35665,86703.65094,72563.99763,48375.99842,82642.33064,71425.06463,57140.0517,347601.9812,71398.37912,57118.7033,347472.1117,934144.4996,663734.2497,884978.9996,934144.4996,663734.2497,884978.9996,5184791.597,7132660.561
82,6094426.66,3121535.606,5202559.344,6094426.66,3121535.606,5202559.344,1172195.43,811519.9131,991857.6715,1159550.012,802765.393,981157.7026,794708.6847,529805.7898,905084.891,791142.6474,527428.4316,901023.5707,119108.0676,95286.4541,579659.2624,119081.3821,95265.10569,579529.393,2796327.14,1986864.02,2649152.027,2796327.14,1986864.02,2649152.027,3787612.371,4610703.973
84,7036216.299,3603915.666,6006526.109,7036216.299,3603915.666,6006526.109,486822.3143,337030.833,411926.5737,474176.8965,328276.313,401226.6047,1306208.215,870805.4767,1487626.023,1309774.252,873182.835,1491687.343,25788.16495,20630.53196,125502.4028,25761.47945,20609.18356,125372.5333,2635066.499,1872284.092,2496378.789,2635066.499,1872284.092,2496378.789,3906291.007,4860187.282
85,3091727.376,1583567.681,2639279.468,3091727.376,1583567.681,2639279.468,6517936.058,4512417.271,5515176.664,6505290.64,4503662.751,5504476.695,5476089.657,3650726.438,6236657.665,5472523.62,3648349.08,6232596.345,209179.9791,167343.9833,1018009.232,209153.2936,167322.6349,1017879.362,6456201.135,4587300.806,6116401.075,6456201.135,4587300.806,6116401.075,7857809.971,8272534.47
86,30719764.84,15734513.7,26224189.49,30719764.84,15734513.7,26224189.49,1231741.049,852743.8032,1042242.426,1244386.467,861498.3232,1052942.395,303441.9009,202294.6006,345586.6094,299875.8636,199917.2424,341525.2891,163722.9538,130978.3631,796785.0419,163696.2683,130957.0147,796655.1725,633956.8959,450443.0576,600590.7435,633956.8959,450443.0576,600590.7435,10802887.38,14983756.15
88,17792002.4,9112976.841,15188294.73,17792002.4,9112976.841,15188294.73,348982.9177,241603.5584,295293.2381,336337.4999,232849.0384,284593.2691,3206074.828,2137383.219,3651362.999,3209640.866,2139760.577,3655424.319,151322.0144,121057.6115,736433.8035,151295.3289,121036.2631,736303.9341,2176618.488,1546544.715,2062059.62,2176618.488,1546544.715,2062059.62,7992449.495,10409132.68
89,18609049.49,9531464.375,15885773.96,18609049.49,9531464.375,15885773.96,1950370.385,1350256.42,1650313.403,1937724.967,1341501.9,1639613.434,812431.3942,541620.9295,925269.0879,815997.4316,543998.2877,929330.4082,21740.17664,17392.14131,105802.193,21713.49113,17370.7929,105672.3235,1270521.382,902738.8765,1203651.835,1270521.382,902738.8765,1203651.835,7449861.863,9977663.453
90,19269693.32,9869842.918,16449738.2,19269693.32,9869842.918,16449738.2,95365.10254,66021.99407,80693.5483,108010.5204,74776.51409,91393.51722,1298906.255,865937.5033,1479309.901,1302472.292,868314.8615,1483371.222,240896.621,192717.2968,1172363.556,240869.9355,192695.9484,1172233.686,422624.3418,300285.7165,400380.9553,422624.3418,300285.7165,400380.9553,7099849.702,9726230.027
175,17514430.98,8970806.109,14951343.52,17514430.98,8970806.109,14951343.52,587521.677,406745.7764,497133.7267,600167.0948,415500.2964,507833.6956,322247.4204,214831.6136,367004.0065,318681.383,212454.2554,362942.6862,43430.63066,34744.50452,211362.4025,43457.31616,34765.85293,211492.272,3514257.534,2496972.459,3329296.612,3514257.534,2496972.459,3329296.612,7270849.539,9655841.292
91,22143134.13,11341605.28,18902675.47,22143134.13,11341605.28,18902675.47,1138700.084,788330.8275,963515.4558,1126054.666,779576.3075,952815.4869,1343925.634,895950.4224,1530581.972,1347491.671,898327.7807,1534643.292,192461.6736,153969.3389,936646.8114,192434.9881,153947.9905,936516.942,1890108.505,1342971.832,1790629.11,1890108.505,1342971.832,1790629.11,8888308.091,11896745.19
93,12109035.34,6202188.831,10336981.39,12109035.34,6202188.831,10336981.39,841838.4349,582811.2242,712324.8295,854483.8527,591565.7442,723024.7984,146576.9283,97717.9522,166934.835,143010.891,95340.59398,162873.5147,16184.71551,12947.77241,78765.6155,16211.40102,12969.12082,78895.48497,1153737.75,819761.0332,1093014.711,1153737.75,819761.0332,1093014.711,4674431.704,6324289.651
94,10450082.57,5352481.314,8920802.191,10450082.57,5352481.314,8920802.191,280048.44,193879.6892,236964.0646,267403.0222,185125.1692,226264.0957,3865320.207,2576880.138,4402170.236,3868886.244,2579257.496,4406231.556,8040.918383,6432.734706,39132.46946,8014.232876,6411.3863,39002.59999,4518683.222,3210643.342,4280857.789,4518683.222,3210643.342,4280857.789,6574569.028,7992751.116
95,20414295.46,10456102.55,17426837.59,20414295.46,10456102.55,17426837.59,80967.32325,56054.30071,68510.81198,68321.90543,47299.78068,57810.84306,618804.6533,412536.4355,704749.744,615238.6159,410159.0773,700688.4237,255540.4898,204432.3918,1243630.384,255513.8043,204411.0434,1243500.514,1234778.518,877342.6312,1169790.175,1234778.518,877342.6312,1169790.175,7510514.791,10281108.55
97,9116331.264,4669340.404,7782234.006,9116331.264,4669340.404,7782234.006,704567.5536,487777.5371,596172.5453,717212.9714,496532.0571,606872.5142,231870.4224,154580.2816,264074.6477,228304.3851,152202.9234,260013.3274,17389.84257,13911.87405,84630.56715,17416.52807,13933.22246,84760.43662,1040228.671,739109.845,985479.7933,1040228.671,739109.845,985479.7933,3656727.099,4899577.291
99,3740488.085,1915859.751,3193099.585,3740488.085,1915859.751,3193099.585,707373.2014,489719.9087,598546.5551,694727.7836,480965.3887,587846.5862,415610.7263,277073.8175,473334.4383,419176.7637,279451.1758,477395.7586,69035.71095,55228.56876,335973.7933,69062.39646,55249.91716,336103.6627,794703.6824,564657.8796,752877.1728,794703.6824,564657.8796,752877.1728,1956167.271,2461892.9
100,2411528.675,1235173.224,2058622.04,2411528.675,1235173.224,2058622.04,9110135.182,6307016.664,7708575.923,9097489.764,6298262.144,7697875.954,25690601.75,17127067.83,29258740.88,25694167.78,17129445.19,29262802.2,728657.4015,582925.9212,3546132.687,728630.716,582904.5728,3546002.818,31913398,22675309.1,30233745.47,31913398,22675309.1,30233745.47,25919917.78,26244856.54
101,19097521.94,9781657.577,16302762.63,19097521.94,9781657.577,16302762.63,6239972.438,4319980.919,5279976.678,6227327.02,4311226.399,5269276.709,13489653.7,8993102.467,15363216.71,13493219.74,8995479.825,15367278.04,134087.8676,107270.2941,652560.9557,134114.5531,107291.6425,652690.8251,3440782.36,2444766.414,3259688.551,3440782.36,2444766.414,3259688.551,14811352.2,17405634.44
102,1329917.384,681177.1964,1135295.327,1329917.384,681177.1964,1135295.327,6709908.598,4645321.337,5677614.968,6697263.18,4636566.817,5666914.999,441034.6625,294023.1083,502289.4768,444600.6998,296400.4666,506350.7971,276731.1735,221384.9388,1346758.378,276704.488,221363.5904,1346628.508,9628114.421,6841028.668,9121371.557,9628114.421,6841028.668,9121371.557,6643868.082,6821707.706
103,2377643.69,1217817.5,2029695.833,2377643.69,1217817.5,2029695.833,500543.698,346530.2525,423536.9752,487898.2802,337775.7325,412837.0063,5993804.032,3995869.355,6826276.814,5997370.069,3998246.713,6830338.135,213527.7105,170822.1684,1039168.191,213501.025,170800.82,1039038.322,8986815.535,6385368.933,8513825.243,8986815.535,6385368.933,8513825.243,6666889.447,6987219.848
104,16041936.43,8216601.588,13694335.98,16041936.43,8216601.588,13694335.98,245256.0756,169792.6678,207524.3717,257901.4935,178547.1878,218224.3406,416271.7325,277514.4883,474087.2509,412705.6952,275137.1301,470025.9306,251.0174474,200.8139579,1221.618244,277.7029546,222.1623636,1351.487712,859647.7932,610802.3794,814403.1725,859647.7932,610802.3794,814403.1725,5716059.244,7900791.74
264,20128836.45,10309891.84,17183153.07,20128836.45,10309891.84,17183153.07,296929.8301,205566.8055,251248.3178,309575.2479,214321.3255,261948.2867,209301.2979,139534.1986,238370.9226,205735.2606,137156.8404,234309.6023,38063.31995,30450.65596,185241.4904,38036.63444,30429.30756,185111.621,1594666.742,1133052.685,1510736.913,1594666.742,1133052.685,1510736.913,7269886.057,10010388.57
105,2123761.263,1087780.159,1812966.932,2123761.263,1087780.159,1812966.932,1046091.264,724217.0286,885154.1461,1058736.681,732971.5486,895854.115,1122656.438,748437.6253,1278580.943,1119090.401,746060.2671,1274519.623,120059.8341,96047.86729,584291.1927,120086.5196,96069.2157,584421.0622,672868.0447,478090.4528,637453.9371,672868.0447,478090.4528,637453.9371,1824910.169,2116770.842
106,6287296.372,3220322.532,5367204.22,6287296.372,3220322.532,5367204.22,1753934.265,1214262.183,1484098.224,1741288.847,1205507.663,1473398.255,5797434.389,3864956.259,6602633.61,5801000.427,3867333.618,6606694.93,78852.66445,63082.13156,383749.6337,78825.97894,63060.78315,383619.7642,7875191.049,5595530.482,7460707.309,7875191.049,5595530.482,7460707.309,7758698.724,8610741.89
109,20416586.52,10457276.02,17428793.37,20416586.52,10457276.02,17428793.37,865037.1789,598871.8931,731954.536,877682.5967,607626.4131,742654.5049,601978.211,401318.8073,685586.2959,598412.1737,398941.4491,681524.9756,176551.6509,141241.3207,859218.0345,176524.9654,141219.9723,859088.165,197575.0658,140382.2836,187176.3781,197575.0658,140382.2836,187176.3781,7328978.469,10108614.99
110,20338236.23,10417145.38,17361908.97,20338236.23,10417145.38,17361908.97,3770277.945,2610192.423,3190235.184,3757632.527,2601437.903,3179535.215,701954.866,467969.9107,799448.5974,705520.9033,470347.2689,803509.9177,223943.2903,179154.6322,1089857.346,223916.6047,179133.2838,1089727.476,4757497.571,3380327.221,4507102.962,4757497.571,3380327.221,4507102.962,10036154.34,12799125.33
112,1248438.475,639444.0969,1065740.162,1248438.475,639444.0969,1065740.162,565490.7169,391493.5732,478492.1451,578136.1347,400248.0933,489192.114,1673890.989,1115927.326,1906375.848,1670324.951,1113549.968,1902314.528,26641.0687,21312.85496,129653.201,26614.38319,21291.50655,129523.3315,984490.6108,699506.4866,932675.3155,984490.6108,699506.4866,932675.3155,1615621.91,1788390.294
108,3360153.838,1721054.405,2868424.008,3360153.838,1721054.405,2868424.008,9665523.893,6691516.542,8178520.217,9652878.475,6682762.021,8167820.248,8547727.615,5698485.077,9734912.006,8551293.652,5700862.435,9738973.326,348364.9211,278691.9369,1695375.949,348338.2356,278670.5884,1695246.08,18790405.67,13351077.72,17801436.95,18790405.67,13351077.72,17801436.95,14787507.22,15241459
114,6545474.922,3352560.326,5587600.543,6545474.922,3352560.326,5587600.543,3022502.671,2092501.849,2557502.26,3009857.253,2083747.329,2546802.291,1849719.341,1233146.227,2106624.805,1853285.378,1235523.586,2110686.125,211204.2136,168963.3709,1027860.506,211177.5281,168942.0225,1027730.637,5639482.168,4007000.488,5342667.317,5639482.168,4007000.488,5342667.317,6085294.297,6972449.746
83,19005435.74,9734491.479,16224152.46,19005435.74,9734491.479,16224152.46,760272.2692,526342.3402,643307.3047,747626.8514,517587.8202,632607.3358,2120220.821,1413480.547,2414695.935,2123786.858,1415857.905,2418757.255,10129.05854,8103.246835,49294.75158,10155.74405,8124.59524,49424.62105,1296734.25,921363.8095,1228485.079,1296734.25,921363.8095,1228485.079,7664485.238,10246243.75
118,3008806.552,1541096.039,2568493.398,3008806.552,1541096.039,2568493.398,1825345.241,1263700.551,1544522.896,1837990.659,1272455.071,1555222.865,644099.4931,429399.6621,733557.756,640533.4558,427022.3039,729496.4357,51649.72746,41319.78197,251362.007,51676.41297,41341.13037,251491.8764,181257.9817,128788.5659,171718.0879,181257.9817,128788.5659,171718.0879,1956376.013,2368602.845
113,5443495.141,2788131.658,4646886.096,5443495.141,2788131.658,4646886.096,3474131.622,2405168.046,2939649.834,3461486.204,2396413.526,2928949.865,23536.05338,15690.70225,26804.94968,19970.01604,13313.34403,22743.62938,163464.9023,130771.9218,795529.191,163438.2167,130750.5734,795399.3215,7025708.515,4991950.787,6655934.382,7025708.515,4991950.787,6655934.382,5647652.117,6382217.033
120,21291201.49,10905249.54,18175415.91,21291201.49,10905249.54,18175415.91,1380945.688,956039.3226,1168492.505,1368300.27,947284.8026,1157792.536,158718.7433,105812.4956,180763.0132,162284.7807,108189.8538,184824.3335,35966.38134,28773.10507,175036.3892,35939.69583,28751.75666,174906.5197,1796342.275,1276348.459,1701797.945,1796342.275,1276348.459,1701797.945,8069818.844,10962393.11
119,4686931.738,2400623.573,4001039.289,4686931.738,2400623.573,4001039.289,410833.4907,284423.1859,347628.3383,423478.9085,293177.7059,358328.3072,983749.065,655832.71,1120380.88,980183.0277,653455.3518,1116319.559,43573.01238,34858.40991,212055.3269,43599.69789,34879.75831,212185.1964,20862.34238,14823.24327,19764.32436,20862.34238,14823.24327,19764.32436,2072283.534,2712735.392
121,12744647.67,6527746.366,10879577.28,12744647.67,6527746.366,10879577.28,616863.8271,427059.5726,521961.6998,629509.2449,435814.0926,532661.6688,937474.6491,624983.0994,1067679.461,941040.6864,627360.4576,1071740.782,93816.32121,75053.05697,456572.7632,93789.63571,75031.70857,456442.8938,3037668.599,2158343.478,2877791.305,3037668.599,2158343.478,2877791.305,5854424.523,7593398.64
122,9537508.549,4885065.354,8141775.59,9537508.549,4885065.354,8141775.59,43526.57672,30133.78389,36830.18031,56171.99454,38888.30391,47530.14922,1577548.333,1051698.889,1796652.269,1573982.296,1049321.531,1792590.948,52979.63985,42383.71188,257834.2473,52952.95435,42362.36348,257704.3778,900475.5401,639811.568,853082.0906,900475.5401,639811.568,853082.0906,4059233.66,5359315.574
123,27600458.38,14136820.14,23561366.91,27600458.38,14136820.14,23561366.91,553065.2444,382891.3231,467978.2838,540419.8266,374136.803,457278.3148,53235.09649,35490.06433,60628.85989,56801.13383,37867.42255,64690.18019,60594.40463,48475.52371,294892.7692,60567.71913,48454.1753,294762.8998,3803602.24,2702559.486,3603412.648,3803602.24,2702559.486,3603412.648,10521704.11,14272337.31
124,447978.8601,229452.5869,382420.9782,447978.8601,229452.5869,382420.9782,3471202.474,2403140.174,2937171.324,3458557.056,2394385.654,2926471.355,2054142.062,1369428.041,2339439.57,2057708.099,1371805.399,2343500.891,172629.3244,138103.4595,840129.3788,172602.6389,138082.1111,839999.5093,6587330.351,4680471.565,6240628.753,6587330.351,4680471.565,6240628.753,4663938.971,4721834.955
125,11542806.47,5912169.167,9853615.279,11542806.47,5912169.167,9853615.279,276258.2463,191255.709,233756.9776,263612.8285,182501.189,223057.0087,879724.6109,586483.074,1001908.585,883290.6483,588860.4322,1005969.905,54792.87113,43834.2969,266658.6395,54766.18562,43812.9485,266528.77,3438707.585,2443292.232,3257722.976,3438707.585,2443292.232,3257722.976,5437686.194,7004478.733
126,5027602.465,2575113.458,4291855.763,5027602.465,2575113.458,4291855.763,511694.2059,354249.8349,432972.0204,524339.6238,363004.3549,443671.9893,261606.4011,174404.2674,297940.6234,258040.3637,172026.9092,293879.3031,102339.5249,81871.61996,498052.3547,102366.2105,81892.96836,498182.2242,344656.8787,244887.7823,326517.043,344656.8787,244887.7823,326517.043,2111503.937,2798287.013
256,14786377.97,7573510.669,12622517.78,14786377.97,7573510.669,12622517.78,951371.4437,658641.7687,805006.6062,964016.8615,667396.2887,815706.5751,929910.4123,619940.2748,1059064.636,926344.3749,617562.9166,1055003.316,99390.068,79512.0544,483698.3309,99416.7535,79533.4028,483828.2004,1412551.718,1003655.168,1338206.891,1412551.718,1003655.168,1338206.891,6041576.388,8055552.934
129,3687960.038,1888955.142,3148258.569,3687960.038,1888955.142,3148258.569,2597060.713,1797965.109,2197512.911,2584415.295,1789210.589,2186812.942,1874583.18,1249722.12,2134941.955,1878149.217,1252099.478,2139003.275,106921.2556,85537.00448,520350.1106,106894.5701,85515.65607,520220.2411,1017203.495,722749.8519,963666.4692,1017203.495,722749.8519,963666.4692,3263100.758,3761634.182
130,13749224.29,7042285.609,11737142.68,13749224.29,7042285.609,11737142.68,828948.2588,573887.2561,701417.7575,816302.841,565132.7361,690717.7885,515041.1105,343360.7403,586574.5981,518607.1478,345738.0986,590635.9184,131174.9519,104939.9615,638384.7659,131148.2664,104918.6131,638254.8964,2165426.09,1538592.222,2051456.295,2165426.09,1538592.222,2051456.295,5808268.495,7675133.857
131,34940294.39,17896248.35,29827080.58,34940294.39,17896248.35,29827080.58,1383635.127,957901.242,1170768.185,1370989.71,949146.722,1160068.216,3680648.293,2453765.529,4191849.445,3684214.331,2456142.887,4195910.766,199767.3585,159813.8868,972201.1449,199740.673,159792.5384,972071.2754,613341.2653,435795.1095,581060.1461,613341.2653,435795.1095,581060.1461,13527127.13,18275978.02
132,10117295.45,5182029.376,8636715.626,10117295.45,5182029.376,8636715.626,396151.8445,274258.9693,335205.4069,408797.2623,283013.4893,345905.3758,12660784.01,8440522.671,14419226.23,12664350.04,8442900.029,14423287.55,342929.945,274343.956,1668925.732,342903.2595,274322.6076,1668795.863,11933010.42,8478717.931,11304957.24,11933010.42,8478717.931,11304957.24,12847250.17,14228904.39
133,803576.4943,411587.9605,685979.9341,803576.4943,411587.9605,685979.9341,1992550.39,1379457.962,1686004.176,1979904.972,1370703.442,1675304.207,622134.8124,414756.5416,708542.4253,625700.8498,417133.8999,712603.7456,193973.0205,155178.4164,944002.0333,193946.335,155157.068,943872.1638,2936094.313,2086172.275,2781563.033,2936094.313,2086172.275,2781563.033,2421014.035,2527271.297
134,6011051.421,3078831.216,5131385.36,6011051.421,3078831.216,5131385.36,160154.7043,110876.3337,135515.519,147509.2865,102121.8137,124815.5501,3581515.095,2387676.73,4078947.747,3585081.133,2390054.088,4083009.068,31.1700352,24.93602816,151.6941713,57.85554235,46.28443388,281.5636394,5361528.736,3809507.259,5079343.013,5361528.736,3809507.259,5079343.013,5294009.567,6108531.809
127,49927311.83,25572525.57,42620875.96,49927311.83,25572525.57,42620875.96,67170.97246,46502.98094,56836.9767,79816.39028,55257.50096,67536.94562,1065443.124,710295.4159,1213421.336,1069009.161,712672.7741,1217482.656,340451.8173,272361.4538,1656865.511,340425.1318,272340.1054,1656735.641,743307.0561,528139.2241,704185.6321,743307.0561,528139.2241,704185.6321,17071494.5,23867310.94
136,1079257.861,552790.6117,921317.6861,1079257.861,552790.6117,921317.6861,1936154.496,1340414.651,1638284.573,1923509.078,1331660.131,1627584.604,1440718.406,960478.9371,1640818.184,1444284.443,962856.2953,1644879.505,183780.6563,147024.525,894399.1939,183753.9708,147003.1766,894269.3244,5398916.181,3836072.023,5114762.697,5398916.181,3836072.023,5114762.697,3683585.933,3827335.861
137,43590512.44,22326847.84,37211413.06,43590512.44,22326847.84,37211413.06,728549.868,504380.6779,616465.2729,741195.2858,513135.1979,627165.2419,72501.8314,48334.55427,82571.53021,68935.79407,45957.19604,78510.20991,242205.8229,193764.6583,1178735.005,242179.1374,193743.3099,1178605.135,1161057.716,824962.0614,1099949.415,1161057.716,824962.0614,1099949.415,14943986.24,20875276.68
138,1620591.914,830059.2729,1383432.121,1620591.914,830059.2729,1383432.121,7734293.943,5354511.191,6544402.567,7721648.525,5345756.671,6533702.598,1459833.635,973222.4233,1662588.307,1463399.672,975599.7816,1666649.627,329675.8204,263740.6563,1604422.326,329649.1349,263719.3079,1604292.457,9373183.618,6659893.624,8879858.165,9373183.618,6659893.624,8879858.165,7435624.503,7652995.863
145,36368502.83,18627769.74,31046282.9,36368502.83,18627769.74,31046282.9,266095.6279,184220.0501,225157.839,253450.2101,175465.5301,214457.8701,2325377.786,1550251.857,2648346.923,2328943.823,1552629.216,2652408.243,263358.9346,210687.1477,1281680.148,263332.2491,210665.7993,1281550.279,1566843.801,1113283.753,1484378.337,1566843.801,1113283.753,1484378.337,13486064.32,18429151.57
140,11351364.08,5814113.31,9690188.85,11351364.08,5814113.31,9690188.85,780308.1255,540213.3177,660260.7216,767662.7077,531458.7977,649560.7527,2492973.325,1661982.217,2839219.62,2496539.362,1664359.575,2843280.94,73002.52891,58402.02313,355278.974,72975.8434,58380.67472,355149.1046,5107587.266,3629075.163,4838766.884,5107587.266,3629075.163,4838766.884,6785412.151,8326168.526
141,3048829.82,1561595.761,2602659.602,3048829.82,1561595.761,2602659.602,6090603.403,4216571.586,5153587.495,6077957.985,4207817.066,5142887.526,1081730.194,721153.4625,1231970.498,1085296.231,723530.8208,1236031.819,154418.3775,123534.702,751502.7707,154391.692,123513.3536,751372.9012,8619464.094,6124356.067,8165808.089,8619464.094,6124356.067,8165808.089,6752098.885,7163710.6
273,21379511.62,10950481.56,18250802.6,21379511.62,10950481.56,18250802.6,2481123.125,1717700.625,2099411.875,2468477.707,1708946.105,2088711.906,4072853.376,2715235.584,4638527.456,4069287.339,2712858.226,4634466.136,46235.47914,36988.38331,225012.6651,46208.79363,36967.0349,224882.7957,1448303.775,1029057.946,1372077.261,1448303.775,1029057.946,1372077.261,9855011.974,12756875.13
142,10567355.6,5412547.992,9020913.32,10567355.6,5412547.992,9020913.32,1001876.714,693606.9558,847741.8348,1014522.132,702361.4758,858441.8037,733271.912,488847.9414,835115.2332,729705.8747,486470.5831,831053.9129,91361.48296,73089.18637,444625.8837,91334.79745,73067.83796,444496.0143,363532.727,258299.5692,344399.4256,363532.727,258299.5692,344399.4256,4240015.666,5680156.78
143,1825937.907,935236.4891,1558727.482,1825937.907,935236.4891,1558727.482,1756248.426,1215864.295,1486056.36,1743603.008,1207109.775,1475356.391,1745851.118,1163900.745,1988330.44,1749417.155,1166278.104,1992391.76,136123.3716,108898.6973,662467.075,136096.6861,108877.3489,662337.2056,5476962.945,3891526.303,5188701.737,5476962.945,3891526.303,5188701.737,3963153.341,4208451.756
144,3476046.332,1780413.975,2967356.625,3476046.332,1780413.975,2967356.625,2415292.9,1672125.854,2043709.377,2402647.483,1663371.334,2033009.408,1878284.3,1252189.534,2139157.12,1881850.338,1254566.892,2143218.44,82910.2638,66328.21104,403496.6171,82936.9493,66349.55944,403626.4866,3508.765889,2493.0705,3324.094,3508.765889,2493.0705,3324.094,2745382.638,3215144.188
28,15848013.76,8117275.339,13528792.23,15848013.76,8117275.339,13528792.23,2806847.492,1943202.11,2375024.801,2794202.075,1934447.59,2364324.832,8835201.249,5890134.166,10062312.53,8838767.286,5892511.524,10066373.85,445459.6349,356367.7079,2167903.557,445432.9494,356346.3595,2167773.687,8108107.862,5761024.007,7681365.343,8108107.862,5761024.007,7681365.343,12774076.32,14926377.05
147,411838.7374,210941.7923,351569.6538,411838.7374,210941.7923,351569.6538,1901153.995,1316183.535,1608668.765,1888508.577,1307429.015,1597968.796,912140.2986,608093.5324,1038826.451,915706.3359,610470.8906,1042887.771,145012.4258,116009.9406,705727.1387,144985.7403,115988.5922,705597.2692,4511031.537,3205206.619,4273608.825,4511031.537,3205206.619,4273608.825,2898977.802,2951958.729
148,54979302.86,28160130.73,46933551.22,54979302.86,28160130.73,46933551.22,180893.1044,125233.6877,153063.396,168247.6866,116479.1676,142363.4271,1443384.924,962256.6159,1643855.052,1446950.961,964633.9742,1647916.373,365487.8899,292390.3119,1778707.731,365461.2043,292368.9635,1778577.861,894697.0454,635705.7954,847607.7273,894697.0454,635705.7954,847607.7273,18957892.46,26432048.51
149,6488605.784,3323432.231,5539053.718,6488605.784,3323432.231,5539053.718,4755821.221,3292491.614,4024156.417,4743175.803,3283737.094,4013456.449,5467162.841,3644775.227,6226491.013,5470728.878,3647152.586,6230552.334,95170.99449,76136.79559,463165.5065,95197.68,76158.144,463295.376,7035224.013,4998711.799,6664949.065,7035224.013,4998711.799,6664949.065,8444967.361,9324436.996
150,10849022.67,5556816.491,9261360.819,10849022.67,5556816.491,9261360.819,887664.0275,614536.6344,751100.331,900309.4453,623291.1544,761800.2999,565068.6582,376712.4388,643550.4162,561502.6208,374335.0805,639489.0959,10080.16478,8064.131824,49056.80193,10053.47927,8042.783418,48926.93246,952818.4455,677002.5797,902670.1063,952818.4455,677002.5797,902670.1063,4366351.362,5844799.197
150,10584097.87,5421123.3,9035205.501,10584097.87,5421123.3,9035205.501,887664.0275,614536.6344,751100.331,900309.4453,623291.1544,761800.2999,565068.6582,376712.4388,643550.4162,561502.6208,374335.0805,639489.0959,85873.36088,68698.6887,417917.0229,85846.67537,68677.3403,417787.1535,460718.8733,327352.8836,436470.5115,460718.8733,327352.8836,436470.5115,4171948.311,5614366.372
150,10584097.87,5421123.3,9035205.501,10584097.87,5421123.3,9035205.501,887664.0275,614536.6344,751100.331,900309.4453,623291.1544,761800.2999,565068.6582,376712.4388,643550.4162,561502.6208,374335.0805,639489.0959,85873.36088,68698.6887,417917.0229,85846.67537,68677.3403,417787.1535,460718.8733,327352.8836,436470.5115,460718.8733,327352.8836,436470.5115,4171948.311,5614366.372
150,11175713.25,5724145.809,9540243.014,11175713.25,5724145.809,9540243.014,887664.0275,614536.6344,751100.331,900309.4453,623291.1544,761800.2999,565068.6582,376712.4388,643550.4162,561502.6208,374335.0805,639489.0959,83383.80082,66707.04065,405801.164,83410.48632,66728.38906,405931.0334,1559648.344,1108171.192,1477561.589,1559648.344,1108171.192,1477561.589,4757281.048,6280207.19
153,22116329.47,11327876.07,18879793.45,22116329.47,11327876.07,18879793.45,314990.7173,218070.4966,266530.6069,327636.1351,226825.0166,277230.5758,1425502.771,950335.1807,1623489.267,1421936.734,947957.8225,1619427.947,106063.6155,84850.89237,516176.2619,106036.93,84829.54396,516046.3924,176911.3212,125700.1492,167600.199,176911.3212,125700.1492,167600.199,7928829.984,10939631.54
156,12381927.71,6341962.974,10569938.29,12381927.71,6341962.974,10569938.29,1298071.702,898665.0245,1098368.363,1285426.284,889910.5045,1087668.394,2599169.65,1732779.767,2960165.435,2602735.688,1735157.125,2964226.755,415945.4418,332756.3534,2024267.817,415918.7563,332735.005,2024137.947,2036495.613,1446983.725,1929311.633,2036495.613,1446983.725,1929311.633,6537086.092,8217999.12
156,12503774.59,6404372.35,10673953.92,12503774.59,6404372.35,10673953.92,1298071.702,898665.0245,1098368.363,1285426.284,889910.5045,1087668.394,2599169.65,1732779.767,2960165.435,2602735.688,1735157.125,2964226.755,381085.8732,304868.6986,1854617.916,381059.1877,304847.3501,1854488.047,2262826.994,1607798.127,2143730.837,2262826.994,1607798.127,2143730.837,6626497.897,8323982.101
157,20971352.99,10741424.7,17902374.5,20971352.99,10741424.7,17902374.5,5494.687492,3804.014418,4649.350955,18140.10531,12558.53444,15349.31987,1026352.753,684235.1689,1168901.747,1029918.791,686612.5271,1172963.067,263779.4324,211023.5459,1283726.571,263752.7469,211002.1975,1283596.702,1017830.442,723195.3141,964260.4188,1017830.442,723195.3141,964260.4188,7748247.168,10606053.21
158,253835.1041,130013.1021,216688.5035,253835.1041,130013.1021,216688.5035,1916892.287,1327079.276,1621985.781,1904246.869,1318324.756,1611285.812,1714291.454,1142860.97,1952387.49,1717857.492,1145238.328,1956448.81,152210.6924,121768.5539,740758.703,152184.0069,121747.2055,740628.8335,4282760.744,3043014.213,4057352.284,4282760.744,3043014.213,4057352.284,3083650.285,3115142.719
159,5817081.107,2979480.567,4965800.945,5817081.107,2979480.567,4965800.945,1733390.743,1200039.745,1466715.244,1720745.325,1191285.225,1456015.275,4228946.244,2819297.496,4816299.889,4232512.281,2821674.854,4820361.209,198273.1177,158618.4942,964929.1729,198246.4322,158597.1458,964799.3034,2875019.787,2042777.217,2723702.956,2875019.787,2042777.217,2723702.956,5302690.69,6090784.58
160,44950912.88,23023638.31,38372730.51,44950912.88,23023638.31,38372730.51,1424782.088,986387.5995,1205584.844,1412136.67,977633.0795,1194884.875,1930762.002,1287174.668,2198923.391,1934328.039,1289552.026,2202984.712,485435.2027,388348.1622,2362451.32,485408.5172,388326.8138,2362321.45,4656938.433,3308877.307,4411836.41,4656938.433,3308877.307,4411836.41,17815290.51,23925585.52
161,33136654.56,16972432.82,28287388.04,33136654.56,16972432.82,28287388.04,422322.3475,292377.0098,357349.6787,434967.7653,301131.5299,368049.6476,461909.7119,307939.8079,526063.8385,458343.6746,305562.4497,522002.5182,202451.487,161961.1896,985263.9035,202424.8015,161939.8412,985134.034,438117.9379,311294.3243,415059.0991,438117.9379,311294.3243,415059.0991,11325887.66,15835453.43
154,10440238.21,5347439.083,8912398.472,10440238.21,5347439.083,8912398.472,144910.949,100322.9647,122616.9568,132265.5312,91568.44467,111916.9879,1517261.283,1011507.522,1727992.017,1513695.246,1009130.164,1723930.696,109501.345,87601.07602,532906.5458,109474.6595,87579.72761,532776.6763,1318148.43,936579.1477,1248772.197,1318148.43,936579.1477,1248772.197,4563914.683,5978036.656
163,23961022.68,12272718.93,20454531.56,23961022.68,12272718.93,20454531.56,320986.3237,222221.301,271603.8124,308340.9059,213466.781,260903.8434,2911911.771,1941274.514,3316343.961,2915477.808,1943651.872,3320405.281,195294.8692,156235.8954,950435.0302,195268.1837,156214.547,950305.1607,2016567.739,1432824.446,1910432.595,2016567.739,1432824.446,1910432.595,9837479.139,13093149.08
162,8043128.618,4119651.244,6866085.406,8043128.618,4119651.244,6866085.406,3494792.773,2419471.92,2957132.346,3482147.355,2410717.4,2946432.378,450162.1483,300108.0989,512684.6689,446596.111,297730.7407,508623.3486,234317.5923,187454.0739,1140345.616,234290.9068,187432.7255,1140215.747,5597008.161,3976821.588,5302428.784,5597008.161,3976821.588,5302428.784,6201816.653,7289931.722
221,154478.6394,79123.20556,131872.0093,154478.6394,79123.20556,131872.0093,607694.7325,420711.7379,514203.2352,620340.1503,429466.2579,524903.2041,842717.0041,561811.3361,959761.0325,846283.0414,564188.6943,963822.3528,5970.625224,4776.500179,29057.04275,5997.310731,4797.848585,29186.91222,3253420.225,2311640.686,3082187.581,3253420.225,2311640.686,3082187.581,1762481.881,1789241.399
165,587724.4952,301029.6195,501716.0325,587724.4952,301029.6195,501716.0325,1609960.838,1114588.272,1362274.555,1597315.42,1105833.752,1351574.586,21595846.94,14397231.3,24595270.13,21599412.98,14399608.65,24599331.45,416321.4695,333057.1756,2026097.818,416294.784,333035.8272,2025967.949,26965890.53,19159974.85,25546633.14,26965890.53,19159974.85,25546633.14,19109851.93,19186753.33
180,17861248.06,9148444.128,15247406.88,17861248.06,9148444.128,15247406.88,348762.4192,241450.9056,295106.6624,336117.0014,232696.3856,284406.6935,3205906.55,2137271.033,3651171.348,3209472.587,2139648.391,3655232.669,131504.5632,105203.6505,639988.874,131477.8776,105182.3021,639859.0046,2048121.811,1455244.445,1940325.926,2048121.811,1455244.445,1940325.926,7950173.387,10376273.98
299,6681468.835,3422215.745,5703692.908,6681468.835,3422215.745,5703692.908,987268.9796,683493.9089,835381.4443,999914.3974,692248.429,846081.4132,1998783.613,1332522.409,2276392.448,1995217.576,1330145.05,2272331.128,4405.763908,3524.611126,21441.38435,4379.0784,3503.26272,21311.51488,93419.8653,66377.27272,88503.03029,93419.8653,66377.27272,88503.03029,3291049.342,4202709.855
166,38900085.92,19924434.25,33207390.42,38900085.92,19924434.25,33207390.42,701435.588,485609.2533,593522.4206,688790.1702,476854.7332,582822.4517,2965309.282,1976872.855,3377157.794,2968875.32,1979250.213,3381219.114,242430.9533,193944.7627,1179830.64,242404.2678,193923.4143,1179700.77,744960,529313.6842,705751.5789,744960,529313.6842,705751.5789,14379014.72,19666397.26
168,26192471.72,13415656.25,22359427.08,26192471.72,13415656.25,22359427.08,3812717.689,2639573.785,3226145.737,3800072.271,2630819.265,3215445.768,3856551.898,2571034.599,4392184.106,3860117.936,2573411.957,4396245.427,158579.9872,126863.9898,771755.9379,158553.3017,126842.6414,771626.0684,750086.0634,532955.8872,710607.8496,750086.0634,532955.8872,710607.8496,11630259.31,15189406.32
169,12538656.09,6422238.487,10703730.81,12538656.09,6422238.487,10703730.81,958713.0558,663724.4232,811218.7395,946067.638,654969.9032,800518.7706,98220.66187,65480.44125,111862.4205,101786.6992,67857.79947,115923.7408,13603.86653,10883.09322,66205.48376,13577.18102,10861.74482,66075.6143,1025189.519,728424.1321,971232.1761,1025189.519,728424.1321,971232.1761,4785756.143,6487984.231
170,539060.2819,276104.0468,460173.4114,539060.2819,276104.0468,460173.4114,6280679.921,4348163.022,5314421.472,6268034.503,4339408.502,5303721.503,9357374.937,6238249.958,10657010.35,9360940.975,6240627.317,10661071.67,319102.164,255281.7312,1552963.865,319075.4785,255260.3828,1552833.995,9911475.783,7042364.372,9389819.163,9911475.783,7042364.372,9389819.163,9784145.248,9854428.306
171,18086188.7,9263657.628,15439429.38,18086188.7,9263657.628,15439429.38,1174363.753,813021.0599,993692.4065,1161718.335,804266.5399,982992.4376,3793641.902,2529094.601,4320536.61,3797207.939,2531471.959,4324597.931,94562.61185,75650.08948,460204.711,94535.92635,75628.74108,460074.8416,1152572.591,818933.1569,1091910.876,1152572.591,818933.1569,1091910.876,8174614.571,10631307.09
172,45263230.29,23183605.76,38639342.93,45263230.29,23183605.76,38639342.93,1409406.731,975743.1214,1192574.926,1396761.313,966988.6014,1181874.957,1668992.814,1112661.876,1900797.372,1672558.852,1115039.235,1904858.692,442663.6941,354130.9552,2154296.644,442637.0085,354109.6068,2154166.775,5208997.654,3701129.912,4934839.883,5208997.654,3701129.912,4934839.883,17971368.38,24124138.56
173,7599427.62,3892389.757,6487316.261,7599427.62,3892389.757,6487316.261,805433.5561,557607.8465,681520.7013,792788.1383,548853.3265,670820.7324,337589.4628,225059.6418,384476.8882,334023.4254,222682.2836,380415.5679,25600.67644,20480.54116,124589.9587,25627.36195,20501.88956,124719.8282,1871915.608,1330045.301,1773393.734,1871915.608,1330045.301,1773393.734,3551891.267,4579711.39
174,10924580.26,5595516.72,9325861.2,10924580.26,5595516.72,9325861.2,1138670.924,788310.6399,963490.7822,1126025.507,779556.1199,952790.8132,1258618.543,839079.0288,1433426.674,1255052.506,836701.6706,1429365.354,152674.1049,122139.284,743013.9774,152647.4194,122117.9356,742884.1079,2294131.77,1630040.994,2173387.993,2294131.77,1630040.994,2173387.993,5356080.234,6836072.727
177,26769696.72,13711308.07,22852180.12,26769696.72,13711308.07,22852180.12,799457.3249,553470.4557,676463.8903,812102.7428,562224.9758,687163.8593,1001951.915,667967.9436,1141111.904,998385.878,665590.5853,1137050.583,280166.0777,224132.8621,1363474.911,280139.3922,224111.5137,1363345.042,520624.8816,369917.6791,493223.5721,520624.8816,369917.6791,493223.5721,9713820.173,13357479.68
179,1736745.91,889552.7831,1482587.972,1736745.91,889552.7831,1482587.972,2129801.194,1474477.75,1802139.472,2142446.612,1483232.27,1812839.441,795974.4873,530649.6582,906526.4994,792408.4499,528272.2999,902465.1791,81139.53099,64911.62479,394879.0508,81166.21649,64932.9732,395008.9203,445121.3646,316270.4433,421693.9243,445121.3646,316270.4433,421693.9243,1832256.146,2071482.731
117,22347989.49,11446531.2,19077552.01,22347989.49,11446531.2,19077552.01,1075985.384,744912.9581,910449.171,1063339.966,736158.4381,899749.2021,1660142.537,1106761.691,1890717.889,1656576.5,1104384.333,1886656.569,106779.6436,85423.71489,519660.9322,106752.9581,85402.36648,519531.0628,2388666.251,1697210.231,2262946.975,2388666.251,1697210.231,2262946.975,9155755.291,12189331.44
146,8568087.201,4388532.469,7314220.781,8568087.201,4388532.469,7314220.781,786658.6051,544609.8036,665634.2043,799304.0229,553364.3236,676334.1733,934079.2104,622719.4736,1063812.434,930513.173,620342.1154,1059751.114,20612.93869,16490.35095,100316.3016,20586.25318,16469.00254,100186.4321,85695.38385,60888.82537,81185.10049,85695.38385,60888.82537,81185.10049,3434481.859,4602722.47
183,8673009.526,4442273.172,7403788.62,8673009.526,4442273.172,7403788.62,667630.5551,462205.7689,564918.162,654985.1372,453451.2489,554218.193,1774123.854,1182749.236,2020529.945,1777689.891,1185126.594,2024591.265,59601.40487,47681.1239,290060.1704,59574.71936,47659.77549,289930.3009,3573639.07,2539164.602,3385552.803,3573639.07,2539164.602,3385552.803,5043822.21,6220322.364
185,9702334.543,4969488.424,8282480.707,9702334.543,4969488.424,8282480.707,52608873.47,36421527.79,44515200.63,52596228.05,36412773.27,44504500.66,10362147.19,6908098.128,11801334.3,10365713.23,6910475.486,11805395.62,878753.8713,703003.0971,4276602.174,878727.1858,702981.7487,4276472.304,46120054.69,32769512.54,43692683.39,46120054.69,32769512.54,43692683.39,42705644.91,44022133.27
184,20113867.88,10302225.01,17170375.02,20113867.88,10302225.01,17170375.02,472514.6693,327125.5403,399820.1048,485160.0871,335880.0603,410520.0737,19393.20923,12928.80615,22086.71051,15827.17189,10551.44793,18025.39021,174448.0742,139558.4594,848980.6277,174421.3887,139537.1109,848850.7583,354989.6354,252229.4778,336305.9704,354989.6354,252229.4778,336305.9704,6928771.491,9667238.274
187,172886.1988,88551.46769,147585.7795,172886.1988,88551.46769,147585.7795,27169.2976,18809.51373,22989.40567,39814.71542,27564.03375,33689.37459,443262.6599,295508.4399,504826.9182,446828.6972,297885.7981,508888.2385,1701.309482,1361.047586,8279.706146,1727.994989,1382.395991,8409.575614,377175.2638,267992.9506,357323.9342,377175.2638,267992.9506,357323.9342,372017.6494,401280.596
188,10567419.44,5412580.689,9020967.815,10567419.44,5412580.689,9020967.815,1001441.229,693305.4665,847373.348,1014086.647,702059.9865,858073.3169,732630.5656,488420.3771,834384.8108,729064.5283,486043.0188,830323.4905,91340.55716,73072.44573,444524.0448,91313.87165,73051.09732,444394.1754,363903.2905,258562.8643,344750.4857,363903.2905,258562.8643,344750.4857,4239756.131,5679905.926
189,23559701.36,12067164.11,20111940.19,23559701.36,12067164.11,20111940.19,1189589.726,823562.1179,1006575.922,1202235.144,832316.6379,1017275.891,457100.7049,304733.8033,520586.9139,453534.6676,302356.4451,516525.5936,173696.8128,138957.4502,845324.489,173670.1273,138936.1018,845194.6195,233887.9319,166183.5306,221578.0407,233887.9319,166183.5306,221578.0407,8407599.303,11614699.44
190,10665268.54,5462698.518,9104497.53,10665268.54,5462698.518,9104497.53,1001490.842,693339.8134,847415.3275,1014136.259,702094.3334,858115.2964,733416.5096,488944.3398,835279.9137,729850.4723,486566.9815,831218.5934,63383.73381,50706.98705,308467.5046,63357.04831,50685.63865,308337.6351,545629.9242,387684.4199,516912.5598,545629.9242,387684.4199,516912.5598,4311898.558,5765355.83
191,30126667.25,15430732.01,25717886.68,30126667.25,15430732.01,25717886.68,1284794.029,889472.789,1087133.409,1297439.446,898227.3091,1097833.378,321000.028,214000.0187,365583.3653,317433.9907,211622.6605,361522.045,194619.3162,155695.4529,947147.3388,194592.6307,155674.1045,947017.4693,299784.1371,213004.5185,284006.0246,299784.1371,213004.5185,284006.0246,10544287.59,14644495.08
244,55841362.94,28601673.7,47669456.16,55841362.94,28601673.7,47669456.16,1719844.248,1190661.402,1455252.825,1707198.83,1181906.882,1444552.856,1775215.17,1183476.78,2021772.832,1778781.207,1185854.138,2025834.153,513056.1617,410444.9293,2496873.32,513029.4762,410423.5809,2496743.451,5740093.78,4078487.686,5437983.581,5740093.78,4078487.686,5437983.581,21778449.15,29369845.37
192,10450106.63,5352493.64,8920822.733,10450106.63,5352493.64,8920822.733,280212.6011,193993.3392,237102.9702,267567.1833,185238.8192,226403.0013,3865367.223,2576911.482,4402223.782,3868933.261,2579288.84,4406285.102,8043.093774,6434.475019,39143.05637,8016.408267,6413.126613,39013.1869,4518822.91,3210742.594,4280990.126,4518822.91,3210742.594,4280990.126,6574703.849,7992889.21
193,20572065.61,10536911.65,17561519.42,20572065.61,10536911.65,17561519.42,146474.8191,101405.644,123940.2316,133829.4013,92651.12397,113240.2626,107017.9805,71345.32034,121881.5889,103451.9432,68967.96212,117820.2686,153670.8768,122936.7014,747864.9336,153644.1913,122915.353,747735.0641,1965876.51,1396806.994,1862409.325,1965876.51,1396806.994,1862409.325,7560529.354,10352579.85
194,827861.0025,424026.3671,706710.6119,827861.0025,424026.3671,706710.6119,5994492.951,4150033.582,5072263.267,5981847.534,4141279.062,5061563.298,2324124.509,1549416.339,2646919.579,2327690.546,1551793.697,2650980.9,141751.6065,113401.2852,689857.8184,141724.921,113379.9368,689727.9489,9480310.441,6736010.05,8981346.734,9480310.441,6736010.05,8981346.734,6778039.556,6887599.511
195,3731437.568,1911224.12,3185373.534,3731437.568,1911224.12,3185373.534,406805.1613,281634.3424,344219.7519,419450.5791,290388.8625,354919.7208,119790.4538,79860.30255,136428.0169,116224.4165,77482.94433,132366.6966,27406.33202,21925.06561,133377.4825,27379.64651,21903.71721,133247.613,661655.8618,470123.9018,626831.869,661655.8618,470123.9018,626831.869,1650780.752,2161237.012
272,11590121.92,5936403.908,9894006.513,11590121.92,5936403.908,9894006.513,42875.6562,29683.1466,36279.4014,30230.23839,20928.62657,25579.43248,141448.062,94298.70799,161093.6262,145014.0993,96676.06622,165154.9465,114183.0312,91346.42493,555690.7517,114156.3457,91325.07652,555560.8822,2273255.427,1615207.804,2153610.405,2273255.427,1615207.804,2153610.405,4723212.65,6296440.09
196,18576671.92,9514880.739,15858134.56,18576671.92,9514880.739,15858134.56,209633.9584,145131.202,177382.5802,196988.5406,136376.682,166682.6113,46798.9585,31199.30567,53298.81385,43232.92117,28821.94744,49237.49355,189735.954,151788.7632,923381.643,189709.2685,151767.4148,923251.7735,875551.5759,622102.4355,829469.914,875551.5759,622102.4355,829469.914,6555902.076,9076579.034
197,33451290.56,17133587.85,28555979.74,33451290.56,17133587.85,28555979.74,91021.85768,63015.13224,77018.49496,103667.2755,71769.65227,87718.46388,1014141.131,676094.0871,1154994.065,1017707.168,678471.4453,1159055.386,187317.5114,149854.0091,911611.8888,187290.8259,149832.6607,911482.0193,904914.5222,642965.5816,857287.4421,904914.5222,642965.5816,857287.4421,11678468.77,16233546.32
200,25718869.97,13173079.74,21955132.91,25718869.97,13173079.74,21955132.91,98072.28361,67896.19634,82984.23998,85426.86579,59141.67632,72284.27106,2629146.424,1752764.283,2994305.649,2632712.461,1755141.641,2998366.97,174204.5285,139363.6228,847795.3721,174177.843,139342.2744,847665.5026,1795646.305,1275853.954,1701138.605,1795646.305,1275853.954,1701138.605,10119250.56,13613987.73
199,9415195.002,4822416.952,8037361.587,9415195.002,4822416.952,8037361.587,558678.6633,386777.5361,472728.0997,571324.0811,395532.0561,483428.0686,1997079.628,1331386.419,2274451.799,2000645.666,1333763.777,2278513.119,42559.94034,34047.95227,207125.043,42533.25483,34026.60387,206995.1735,3859003.954,2741923.862,3655898.482,3859003.954,2741923.862,3655898.482,5417782.349,6703950.903
198,14743188.85,7551389.412,12585649.02,14743188.85,7551389.412,12585649.02,304817.6085,211027.5751,257922.5918,317463.0263,219782.0952,268622.5607,2192548.165,1461698.777,2497068.744,2196114.203,1464076.135,2501130.064,51233.9876,40987.19008,249338.7397,51260.67311,41008.53849,249468.6091,1918662.339,1363260.083,1817680.11,1918662.339,1363260.083,1817680.11,6425520.354,8436344.461
25,55011996.21,28176876.11,46961460.18,55011996.21,28176876.11,46961460.18,260493.0461,180341.3396,220417.1928,247847.6283,171586.8196,209717.2239,1463169.127,975446.0846,1666387.061,1466735.164,977823.4429,1670448.382,360683.3559,288546.6847,1755325.665,360656.6704,288525.3363,1755195.796,787909.751,559830.6126,746440.8168,787909.751,559830.6126,746440.8168,18960483.96,26439086.3
201,353269.3391,180942.8322,301571.387,353269.3391,180942.8322,301571.387,1933197.999,1338367.845,1635782.922,1920552.581,1329613.325,1625082.953,1161892.164,774594.7759,1323266.076,1158326.127,772217.4177,1319204.755,169935.3488,135948.279,827018.6973,169908.6632,135926.9306,826888.8278,3262000.906,2317737.486,3090316.648,3262000.906,2317737.486,3090316.648,2557594.608,2599888.814
202,1498692.426,767622.9497,1279371.583,1498692.426,767622.9497,1279371.583,4490026.834,3108480.116,3799253.475,4477381.417,3099725.596,3788553.506,32189.69581,21459.79721,36660.4869,28623.65848,19082.43899,32599.1666,121317.8513,97054.28104,590413.543,121291.1658,97032.93263,590283.6735,5530838.257,3929806.13,5239741.506,5530838.257,3929806.13,5239741.506,4153838.335,4351910.081
277,10673238.25,5466780.569,9111300.949,10673238.25,5466780.569,9111300.949,1261738.172,873511.0423,1067624.607,1249092.754,864756.5223,1056924.638,2074046.233,1382697.488,2362108.209,2077612.27,1385074.847,2366169.53,150786.6053,120629.2842,733828.1456,150759.9198,120607.9358,733698.2762,2977794.472,2115801.335,2821068.447,2977794.472,2115801.335,2821068.447,5874241.719,7322772.981
203,5954854.963,3050047.664,5083412.773,5954854.963,3050047.664,5083412.773,3501109.08,2423844.748,2962476.914,3488463.662,2415090.228,2951776.945,2107661.711,1405107.807,2400392.504,2104095.673,1402730.449,2396331.184,109835.414,87868.33124,534532.3484,109808.7285,87846.98283,534402.4789,3068068.851,2179943.657,2906591.543,3068068.851,2179943.657,2906591.543,5137501.77,5941611.621
38,19231279.31,9850167.452,16416945.75,19231279.31,9850167.452,16416945.75,662812.2498,458870.0191,560841.1344,675457.6676,467624.5391,571541.1033,2078961.106,1385974.07,2367705.704,2082527.143,1388351.429,2371767.024,74497.83902,59598.27121,362556.1499,74471.15351,59576.92281,362426.2804,85248.26216,60571.13364,80761.51152,85248.26216,60571.13364,80761.51152,7308203.436,9929359.456
276,266690.6715,136597.661,227662.7684,266690.6715,136597.661,227662.7684,4282525.572,2964825.396,3623675.484,4269880.154,2956070.876,3612975.515,3172439.19,2114959.46,3613055.745,3176005.228,2117336.818,3617117.065,213445.7659,170756.6128,1038769.394,213419.0804,170735.2644,1038639.525,7124308.242,5062008.488,6749344.65,7124308.242,5062008.488,6749344.65,5543504.854,5576745.644
207,30428248.93,15585200.67,25975334.46,30428248.93,15585200.67,25975334.46,479036.109,331640.3832,405338.2461,466390.6912,322885.8632,394638.2772,275160.3738,183440.2492,313377.0923,278726.4111,185817.6074,317438.4126,25438.7878,20351.03024,123802.1006,25412.10229,20329.68183,123672.2311,486454.984,345639.0676,460852.0901,486454.984,345639.0676,460852.0901,10259746.78,14394959.5
210,7913325.94,4053166.945,6755278.242,7913325.94,4053166.945,6755278.242,2610200.37,1807061.795,2208631.082,2597554.952,1798307.275,2197931.113,998034.2364,665356.1576,1136650.103,1001600.274,667733.5158,1140711.423,112304.3425,89843.47401,546547.8002,112277.657,89822.1256,546417.9307,6172684.582,4385854.835,5847806.447,6172684.582,4385854.835,5847806.447,6161173.504,7234356.691
211,16362691.74,8380890.893,13968151.49,16362691.74,8380890.893,13968151.49,1256933.809,870184.9446,1063559.377,1244288.391,861430.4245,1052859.408,1092466.856,728311.2374,1244198.364,1096032.893,730688.5956,1248259.684,96882.20975,77505.7678,471493.4208,96855.52424,77484.41939,471363.5513,4814007.702,3420479.157,4560638.875,4814007.702,3420479.157,4560638.875,7943541.835,10165838.77
212,1846489.997,945763.1691,1576271.949,1846489.997,945763.1691,1576271.949,222930.212,154336.3006,188633.2563,210284.7942,145581.7806,177933.2874,118268.5468,78845.69784,134694.7338,121834.5841,81223.05606,138756.0541,96815.77218,77452.61774,471170.0913,96789.08667,77431.26934,471040.2218,1594738.8,1133103.884,1510805.179,1594738.8,1133103.884,1510805.179,1380443.548,1628537.047
208,1938501.529,992891.0269,1654818.378,1938501.529,992891.0269,1654818.378,6443589.681,4460946.702,5452268.191,6430944.263,4452192.182,5441568.223,5679135.83,3786090.553,6467904.695,5675569.792,3783713.195,6463843.375,172367.1994,137893.7595,838853.7035,172340.5139,137872.4111,838723.8341,5885161.75,4181562.296,5575416.395,5885161.75,4181562.296,5575416.395,7298766.63,7556652.414
216,16583097.26,8493781.522,14156302.54,16583097.26,8493781.522,14156302.54,308542.4653,213606.3221,261074.3937,295897.0475,204851.8021,250374.4248,2520316.458,1680210.972,2870360.41,2523882.495,1682588.33,2874421.73,304636.4405,243709.1524,1482564.01,304609.755,243687.804,1482434.141,2063175.245,1465940.305,1954587.074,2063175.245,1465940.305,1954587.074,7425859.02,9678131.107
176,21663318.58,11095846.1,18493076.84,21663318.58,11095846.1,18493076.84,1106795.309,766242.9059,936519.1073,1119440.726,774997.426,947219.0762,686591.7466,457727.8311,781951.7114,683025.7093,455350.4729,777890.3911,134607.0208,107685.6166,655087.5011,134580.3353,107664.2682,654957.6316,237718.1032,168904.968,225206.6241,237718.1032,168904.968,225206.6241,7822350.076,10771542.15
217,17434238.66,8929731.998,14882886.66,17434238.66,8929731.998,14882886.66,811931.8106,562106.6381,687019.2244,824577.2284,570861.1581,697719.1933,509158.2889,339438.8592,579874.7179,505592.2515,337061.501,575813.3976,121749.6312,97399.70494,592514.8717,121722.9457,97378.35653,592385.0023,621270.6658,441429.1573,588572.2097,621270.6658,441429.1573,588572.2097,6419107.942,8793145.151
219,50401326.29,25815313.47,43025522.45,50401326.29,25815313.47,43025522.45,1570106.805,1086997.019,1328551.912,1557461.388,1078242.499,1317851.943,1852401.657,1234934.438,2109679.665,1855967.694,1237311.796,2113740.985,497637.2279,398109.7823,2421834.509,497610.5424,398088.4339,2421704.64,5206876.889,3699623.053,4932830.737,5206876.889,3699623.053,4932830.737,19799117.44,26650668.68
220,31405926.81,16085962.51,26809937.52,31405926.81,16085962.51,26809937.52,1165347.913,806779.3245,986063.6188,1177993.331,815533.8445,996763.5877,266237.4649,177491.6432,303214.8905,262671.4275,175114.285,299153.5702,106119.9375,84895.95004,516450.3627,106093.252,84874.60163,516320.4933,1148716.446,816193.2642,1088257.686,1148716.446,816193.2642,1088257.686,11120392.97,15394579.77
222,768618.0658,393682.4239,656137.3732,768618.0658,393682.4239,656137.3732,272641.8637,188752.0595,230696.9616,285287.2815,197506.5795,241396.9305,1449966.427,966644.2847,1651350.653,1453532.464,969021.6429,1655411.973,134451.4708,107561.1766,654330.491,134424.7852,107539.8282,654200.6215,3452671.862,2453214.218,3270952.29,3452671.862,2453214.218,3270952.29,2264627.34,2374861.431
223,7073368.38,3622944.78,6038241.3,7073368.38,3622944.78,6038241.3,3816076.971,2641899.441,3228988.206,3803431.553,2633144.921,3218288.237,440084.3988,293389.5992,501207.232,443650.4362,295766.9574,505268.5523,227122.7169,181698.1735,1105330.556,227096.0314,181676.8251,1105200.686,6285289.23,4465863.4,5954484.534,6285289.23,4465863.4,5954484.534,6239134.493,7198083.452
213,1264905.079,647878.2114,1079797.019,1264905.079,647878.2114,1079797.019,405037.567,280410.6233,342724.0952,392392.1492,271656.1033,332024.1262,2345101.315,1563400.876,2670809.83,2348667.352,1565778.235,2674871.151,47811.99386,38249.59508,232685.0368,47785.30835,38228.24668,232555.1673,5168387.103,3672275.047,4896366.729,5168387.103,3672275.047,4896366.729,3353194.257,3522192.207
224,13434673.7,6881174.335,11468623.89,13434673.7,6881174.335,11468623.89,1074284.151,743735.1813,909009.666,1086929.569,752489.7013,919709.635,202496.6872,134997.7915,230621.2271,206062.7246,137375.1497,234682.5474,8631.653216,6905.322573,42007.37899,8604.967709,6883.974167,41877.50952,620264.3226,440714.124,587618.832,620264.3226,440714.124,587618.832,5002863.124,6835680.781
227,44875195.56,22984856.26,38308093.77,44875195.56,22984856.26,38308093.77,316089.4808,218831.179,267460.3299,328734.8987,227585.6991,278160.2989,687292.9848,458195.3232,782750.3438,690859.0222,460572.6814,786811.6641,315402.5425,252322.034,1534959.04,315375.857,252300.6856,1534829.171,592644.1217,421089.2444,561452.3258,592644.1217,421089.2444,561452.3258,15310422.3,21419150.93
226,11728154.58,6007103.565,10011839.28,11728154.58,6007103.565,10011839.28,582334.1899,403154.4392,492744.3145,569688.7721,394399.9191,482044.3456,3323033.009,2215355.339,3784565.371,3326599.046,2217732.698,3788626.692,68374.5067,54699.60536,332755.9326,68347.8212,54678.25696,332626.0632,1970706.616,1400238.911,1866985.215,1970706.616,1400238.911,1866985.215,6016918.103,7608917.985
230,8162138.907,4180607.733,6967679.555,8162138.907,4180607.733,6967679.555,1862428.991,1289373.917,1575901.454,1849783.573,1280619.397,1565201.485,231750.6167,154500.4111,263938.2023,228184.5793,152123.0529,259876.882,59914.06104,47931.24883,291581.7637,59887.37553,47909.90042,291451.8942,2497865.577,1774799.226,2366398.968,2497865.577,1774799.226,2366398.968,4314846.246,5419146.714
225,93425.18721,47851.92516,79753.20859,93425.18721,47851.92516,79753.20859,1691046.389,1170724.423,1430885.406,1703691.807,1179478.943,1441585.375,216170.582,144113.7213,246194.2739,212604.5447,141736.3631,242132.9536,152440.0994,121952.0795,741875.1503,152466.7849,121973.4279,742005.0197,1714902.686,1218483.488,1624644.65,1714902.686,1218483.488,1624644.65,1454447.005,1470181.971
229,10824572.92,5544293.447,9240489.078,10824572.92,5544293.447,9240489.078,381021.1886,263783.8998,322402.5442,368375.7708,255029.3798,311702.5753,741192.4766,494128.3177,844135.8761,744758.5139,496505.6759,848197.1964,37710.0284,30168.02272,183522.1382,37683.3429,30146.67432,183392.2688,2755918.385,1958152.537,2610870.049,2755918.385,1958152.537,2610870.049,4927601.084,6396713.86
215,10775827.58,5519326.319,9198877.198,10775827.58,5519326.319,9198877.198,3008514.136,2082817.479,2545665.807,2995868.718,2074062.959,2534965.838,1504593.962,1003062.641,1713565.346,1508159.999,1005440,1717626.666,61328.95981,49063.16784,298467.6044,61302.2743,49041.81944,298337.7349,2369952.107,1683913.339,2245217.786,2369952.107,1683913.339,2245217.786,5992186.306,7454669.716
231,5624970.773,2881082.591,4801804.319,5624970.773,2881082.591,4801804.319,32168900.73,22270777.43,27219839.08,32156255.31,22262022.91,27209139.11,23553684.85,15702456.56,26825029.96,23557250.88,15704833.92,26829091.28,1068356.373,854685.0984,5199334.348,1068329.687,854663.75,5199204.479,34033388.33,24181618.03,32242157.37,34033388.33,24181618.03,32242157.37,35173419.67,35935386.56
240,14667078.8,7512406.216,12520677.03,14667078.8,7512406.216,12520677.03,1807767.719,1251531.498,1529649.608,1820413.137,1260286.018,1540349.577,644142.8697,429428.5798,733607.1572,640576.8324,427051.2216,729545.8369,113639.1744,90911.33953,553043.9821,113612.4889,90889.99113,552914.1127,451725.4815,320962.8421,427950.4562,451725.4815,320962.8421,427950.4562,5855415.094,7853118.562
234,20589480.32,10545831.38,17576385.64,20589480.32,10545831.38,17576385.64,7870.065518,5448.506897,6659.286208,4775.352296,3306.013128,4040.682712,697004.9792,464669.9861,793811.2263,693438.9419,462292.6279,789749.906,79478.01539,63582.41231,386793.0082,79451.32988,63561.06391,386663.1388,654238.5403,464853.6997,619804.933,654238.5403,464853.6997,619804.933,7202004.031,9999720.128
235,2462318.453,1261187.5,2101979.167,2462318.453,1261187.5,2101979.167,1796759.527,1243910.442,1520334.984,1784114.109,1235155.922,1509635.015,3053103.757,2035402.505,3477145.946,3056669.795,2037779.863,3481207.266,56039.81387,44831.85109,272727.0942,56013.12836,44810.50269,272597.2247,9135728.084,6491175.218,8654900.29,9135728.084,6491175.218,8654900.29,5930626.07,6262472.238
155,34864611.73,17857484.06,29762473.43,34864611.73,17857484.06,29762473.43,779583.8635,539711.9055,659647.8845,792229.2813,548466.4255,670347.8534,59919.93469,39946.62312,68242.14784,56353.89735,37569.2649,64180.82754,240445.7584,192356.6067,1170169.358,240419.0729,192335.2583,1170039.488,97493.32124,69271.57036,92362.09381,97493.32124,69271.57036,92362.09381,11763145.96,16507713.9
236,6421276.389,3288946.443,5481577.405,6421276.389,3288946.443,5481577.405,3346264.405,2316644.588,2831454.497,3333618.987,2307890.068,2820754.528,7548869.375,5032579.583,8597323.454,7552435.412,5034956.941,8601384.775,104593.4764,83674.78111,509021.5851,104620.1619,83696.12951,509151.4545,2441426.551,1734697.813,2312930.417,2441426.551,1734697.813,2312930.417,7078974.184,7949287.021
237,26260496.26,13450498.09,22417496.81,26260496.26,13450498.09,22417496.81,1324996.908,917305.552,1121151.23,1312351.491,908551.0319,1110451.261,813622.1073,542414.7382,926625.1777,817188.1446,544792.0964,930686.498,106430.9177,85144.73413,517963.7993,106404.2322,85123.38573,517833.9298,2195029.431,1559626.175,2079501.566,2195029.431,1559626.175,2079501.566,10107289.28,13675687.63
243,46766133.6,23953385.5,39922309.17,46766133.6,23953385.5,39922309.17,1472446.404,1019385.972,1245916.188,1459800.986,1010631.452,1235216.219,1904435.124,1269623.416,2168940.002,1908001.161,1272000.774,2173001.323,489911.9302,391929.5442,2384238.06,489885.2447,391908.1958,2384108.191,4836859.672,3436716.083,4582288.111,4836859.672,3436716.083,4582288.111,18474854.55,24832019.58
249,609266.031,312063.0891,520105.1484,609266.031,312063.0891,520105.1484,3543679.448,2453316.541,2998497.994,3531034.03,2444562.021,2987798.026,3852480.733,2568320.489,4387547.501,3848914.696,2565943.13,4383486.181,166208.1945,132966.5556,808879.88,166181.509,132945.2072,808750.0106,3729395.796,2649833.855,3533111.807,3729395.796,2649833.855,3533111.807,4388131.537,4465241.293
251,8704227.678,4458262.957,7430438.262,8704227.678,4458262.957,7430438.262,1777652.204,1230682.295,1504167.249,1765006.786,1221927.775,1493467.28,1476512.564,984341.7096,1681583.754,1480078.602,986719.0678,1685645.074,17104.65435,13683.72348,83242.65115,17131.33985,13705.07188,83372.52062,1349234.455,958666.5868,1278222.116,1349234.455,958666.5868,1278222.116,4480931.109,5661725.322
181,4870833.624,2494817.222,4158028.704,4870833.624,2494817.222,4158028.704,927487.4052,642106.6651,784797.0351,914841.9873,633352.1451,774097.0662,291976.3557,194650.9038,332528.6273,288410.3184,192273.5456,328467.307,48671.68017,38937.34414,236868.8435,48644.99466,38915.99573,236738.974,1285566.373,913428.7387,1217904.985,1285566.373,913428.7387,1217904.985,2507650.213,3164333.162
